name,posteam,c,window,type,mix
avg_epa,ARI,0.3463568786714657,18,t,18_t
avg_epa,ATL,0.36124330331516646,16,t,16_t
avg_epa,BAL,0.15444833497358726,5,t,5_t
avg_epa,BUF,0.3516626792576199,8,s,8_s
avg_epa,CAR,0.10973567220581104,14,t,14_t
avg_epa,CHI,0.12086990175071072,8,t,8_t
avg_epa,CIN,0.20065918863415944,20,t,20_t
avg_epa,CLE,0.18808466662199214,20,r,20_r
avg_epa,DAL,0.17232303355332748,20,m,20_m
avg_epa,DEN,0.2150444112685982,13,s,13_s
avg_epa,DET,0.14768855481997437,5,t,5_t
avg_epa,GB,0.20282543219806579,8,t,8_t
avg_epa,HOU,0.10390299466101949,6,w,6_w
avg_epa,IND,0.18640634492463384,8,t,8_t
avg_epa,JAX,0.18779590492437254,5,t,5_t
avg_epa,KC,0.07530058354002389,20,m,20_m
avg_epa,LA,0.21201336866203904,6,s,6_s
avg_epa,LAC,0.13339877712070303,5,s,5_s
avg_epa,LV,0.22810650323232146,20,t,20_t
avg_epa,MIA,0.179051954342818,8,s,8_s
avg_epa,MIN,0.23875135273135623,18,t,18_t
avg_epa,NE,0.18038283709257288,19,s,19_s
avg_epa,NO,0.19490733838255547,6,t,6_t
avg_epa,NYG,0.10716360958331042,8,t,8_t
avg_epa,NYJ,0.15287994195815738,20,t,20_t
avg_epa,PHI,0.3417323443843096,7,s,7_s
avg_epa,PIT,0.208922701214035,20,m,20_m
avg_epa,SEA,0.12720770077219928,5,e,5_e
avg_epa,SF,0.2987574188822558,20,s,20_s
avg_epa,TB,0.17717611238882516,12,s,12_s
avg_epa,TEN,0.09677750149216467,5,w,5_w
avg_epa,WAS,0.1781161705197579,7,s,7_s
avg_epa_allowed,ARI,0.3292354171769047,20,m,20_m
avg_epa_allowed,ATL,0.3278418021358409,20,m,20_m
avg_epa_allowed,BAL,0.11745593826895524,5,t,5_t
avg_epa_allowed,BUF,0.21044588954987223,20,t,20_t
avg_epa_allowed,CAR,0.1086780049103048,12,s,12_s
avg_epa_allowed,CHI,0.2598353712878206,12,t,12_t
avg_epa_allowed,CIN,0.25029551999919203,5,t,5_t
avg_epa_allowed,CLE,0.11305326286695018,18,t,18_t
avg_epa_allowed,DAL,0.13191593941858806,10,t,10_t
avg_epa_allowed,DEN,0.29851181521587333,20,m,20_m
avg_epa_allowed,DET,0.14286970212139716,17,w,17_w
avg_epa_allowed,GB,0.20528235117551266,12,s,12_s
avg_epa_allowed,HOU,0.16955558800363887,7,s,7_s
avg_epa_allowed,IND,0.09375486225893968,20,m,20_m
avg_epa_allowed,JAX,0.40602547676908385,12,s,12_s
avg_epa_allowed,KC,0.24403406539259434,5,t,5_t
avg_epa_allowed,LA,0.11870911889480891,5,w,5_w
avg_epa_allowed,LAC,0.14112415319032312,6,t,6_t
avg_epa_allowed,LV,0.21594964667208763,20,m,20_m
avg_epa_allowed,MIA,0.15695654925489613,5,w,5_w
avg_epa_allowed,MIN,0.06282037422186104,5,t,5_t
avg_epa_allowed,NE,0.18736787714217876,20,m,20_m
avg_epa_allowed,NO,0.1686888891912792,12,s,12_s
avg_epa_allowed,NYG,0.11687823095450502,9,s,9_s
avg_epa_allowed,NYJ,0.23059302074587268,20,t,20_t
avg_epa_allowed,PHI,0.16445860765769824,10,w,10_w
avg_epa_allowed,PIT,0.15427740014044214,18,t,18_t
avg_epa_allowed,SEA,0.10248300035391511,5,t,5_t
avg_epa_allowed,SF,0.3436257059258686,20,m,20_m
avg_epa_allowed,TB,0.195104919505185,19,s,19_s
avg_epa_allowed,TEN,0.0896982753553008,9,w,9_w
avg_epa_allowed,WAS,0.23760598932524019,18,m,18_m
avg_wpa,ARI,0.3706297584227603,18,t,18_t
avg_wpa,ATL,0.34183154630886164,20,t,20_t
avg_wpa,BAL,0.147000742756982,5,t,5_t
avg_wpa,BUF,0.28616638037301034,8,s,8_s
avg_wpa,CAR,0.11489039554942368,16,t,16_t
avg_wpa,CHI,0.10482404927556312,12,t,12_t
avg_wpa,CIN,0.18249713035744125,20,t,20_t
avg_wpa,CLE,0.19583384937315446,18,r,18_r
avg_wpa,DAL,0.14117600587738546,17,m,17_m
avg_wpa,DEN,0.24125844430776783,10,s,10_s
avg_wpa,DET,0.09374374931429248,20,m,20_m
avg_wpa,GB,0.21241970010597241,8,t,8_t
avg_wpa,HOU,0.10168840375565576,6,s,6_s
avg_wpa,IND,0.11747756845255007,20,m,20_m
avg_wpa,JAX,0.3323403799640729,20,m,20_m
avg_wpa,KC,0.07884781144815148,20,m,20_m
avg_wpa,LA,0.20482294488048566,6,t,6_t
avg_wpa,LAC,0.06993342265278063,17,m,17_m
avg_wpa,LV,0.25541068418815016,20,m,20_m
avg_wpa,MIA,0.0910736965243964,5,t,5_t
avg_wpa,MIN,0.21339846113310984,14,t,14_t
avg_wpa,NE,0.27210136761019066,18,t,18_t
avg_wpa,NO,0.2101181010382292,7,s,7_s
avg_wpa,NYG,0.09624900329383478,11,m,11_m
avg_wpa,NYJ,0.16204810970184952,20,r,20_r
avg_wpa,PHI,0.38705223412815726,7,s,7_s
avg_wpa,PIT,0.23878130168440687,20,m,20_m
avg_wpa,SEA,0.07372318290443626,17,s,17_s
avg_wpa,SF,0.2811680106239949,20,s,20_s
avg_wpa,TB,0.1638735984598888,20,m,20_m
avg_wpa,TEN,0.08124978690576391,7,s,7_s
avg_wpa,WAS,0.15668222849188398,14,s,14_s
avg_wpa_allowed,ARI,0.3453126690293731,20,t,20_t
avg_wpa_allowed,ATL,0.2561385659637303,20,m,20_m
avg_wpa_allowed,BAL,0.09822799404088926,5,t,5_t
avg_wpa_allowed,BUF,0.17473793278242988,20,t,20_t
avg_wpa_allowed,CAR,0.10984408415163417,5,e,5_e
avg_wpa_allowed,CHI,0.20033404365300483,12,s,12_s
avg_wpa_allowed,CIN,0.17584236622742488,5,s,5_s
avg_wpa_allowed,CLE,0.11462893623962661,20,r,20_r
avg_wpa_allowed,DAL,0.12944793473351562,19,w,19_w
avg_wpa_allowed,DEN,0.32873094828812915,16,m,16_m
avg_wpa_allowed,DET,0.13796796724174326,15,w,15_w
avg_wpa_allowed,GB,0.13013789636785314,5,t,5_t
avg_wpa_allowed,HOU,0.1870987216471709,7,s,7_s
avg_wpa_allowed,IND,0.11101272221023618,20,m,20_m
avg_wpa_allowed,JAX,0.3645412123322737,11,s,11_s
avg_wpa_allowed,KC,0.18700733215013568,5,t,5_t
avg_wpa_allowed,LA,0.14037147553756904,5,w,5_w
avg_wpa_allowed,LAC,0.17666711813144584,17,s,17_s
avg_wpa_allowed,LV,0.22740679782916007,20,m,20_m
avg_wpa_allowed,MIA,0.06719166634825265,5,w,5_w
avg_wpa_allowed,MIN,0.0893864850214232,9,s,9_s
avg_wpa_allowed,NE,0.18505215077152276,20,t,20_t
avg_wpa_allowed,NO,0.20306312983742866,9,s,9_s
avg_wpa_allowed,NYG,0.04560295605697313,5,e,5_e
avg_wpa_allowed,NYJ,0.20643228549626627,18,t,18_t
avg_wpa_allowed,PHI,0.2327381653608298,5,t,5_t
avg_wpa_allowed,PIT,0.17579209327594567,18,t,18_t
avg_wpa_allowed,SEA,0.19629874694221924,5,s,5_s
avg_wpa_allowed,SF,0.3449501874699259,20,m,20_m
avg_wpa_allowed,TB,0.09813920547252993,20,m,20_m
avg_wpa_allowed,TEN,0.12562621060228327,9,s,9_s
avg_wpa_allowed,WAS,0.23919742767347132,20,t,20_t
deep_succesful_runs,ARI,0.2718870468336406,20,t,20_t
deep_succesful_runs,ATL,0.22439174015628766,20,m,20_m
deep_succesful_runs,BAL,0.2078672550502144,6,t,6_t
deep_succesful_runs,BUF,0.2622905070268804,20,m,20_m
deep_succesful_runs,CAR,0.07237924005665702,19,s,19_s
deep_succesful_runs,CHI,0.11356132801602539,20,m,20_m
deep_succesful_runs,CIN,0.14413699062706428,20,t,20_t
deep_succesful_runs,CLE,0.16024602540499366,20,m,20_m
deep_succesful_runs,DAL,0.10853690662568312,20,m,20_m
deep_succesful_runs,DEN,0.2258162993979197,18,t,18_t
deep_succesful_runs,DET,0.11359570707348171,20,m,20_m
deep_succesful_runs,GB,0.1780480118956978,5,t,5_t
deep_succesful_runs,HOU,0.2656259110492709,17,s,17_s
deep_succesful_runs,IND,0.14862394876757862,20,t,20_t
deep_succesful_runs,JAX,0.1522623995999398,5,w,5_w
deep_succesful_runs,KC,0.32515185624723925,14,s,14_s
deep_succesful_runs,LA,0.178551272165679,13,r,13_r
deep_succesful_runs,LAC,0.2195422180520954,8,s,8_s
deep_succesful_runs,LV,0.1529828344720126,5,s,5_s
deep_succesful_runs,MIA,0.2598459070993962,20,m,20_m
deep_succesful_runs,MIN,0.14096560135655564,5,e,5_e
deep_succesful_runs,NE,0.09127699554624757,12,t,12_t
deep_succesful_runs,NO,0.17072266051595666,14,t,14_t
deep_succesful_runs,NYG,0.1196013593075305,18,e,18_e
deep_succesful_runs,NYJ,0.20150018440493064,12,s,12_s
deep_succesful_runs,PHI,0.12912431270528482,20,t,20_t
deep_succesful_runs,PIT,0.32552541612969127,20,m,20_m
deep_succesful_runs,SEA,0.0872171317606187,5,e,5_e
deep_succesful_runs,SF,0.38277563455123126,18,s,18_s
deep_succesful_runs,TB,0.26812382314450095,10,t,10_t
deep_succesful_runs,TEN,0.1010011255890291,17,s,17_s
deep_succesful_runs,WAS,0.11465223071950606,20,s,20_s
deep_succesful_runs_allowed,ARI,0.2795872910414278,19,m,19_m
deep_succesful_runs_allowed,ATL,0.34180438079016495,20,m,20_m
deep_succesful_runs_allowed,BAL,0.16716924759255922,20,r,20_r
deep_succesful_runs_allowed,BUF,0.13801140443302817,20,s,20_s
deep_succesful_runs_allowed,CAR,0.17291409992017687,9,s,9_s
deep_succesful_runs_allowed,CHI,0.2204244044384497,6,t,6_t
deep_succesful_runs_allowed,CIN,0.2795433221974337,5,s,5_s
deep_succesful_runs_allowed,CLE,0.22847796043717003,20,m,20_m
deep_succesful_runs_allowed,DAL,0.18668101441596763,20,t,20_t
deep_succesful_runs_allowed,DEN,0.2422836038418443,13,m,13_m
deep_succesful_runs_allowed,DET,0.20405340957177237,6,t,6_t
deep_succesful_runs_allowed,GB,0.15767871647757084,6,t,6_t
deep_succesful_runs_allowed,HOU,0.24252601006467941,20,s,20_s
deep_succesful_runs_allowed,IND,0.12623508938466846,13,s,13_s
deep_succesful_runs_allowed,JAX,0.24723435257260365,20,s,20_s
deep_succesful_runs_allowed,KC,0.09630219303913559,20,t,20_t
deep_succesful_runs_allowed,LA,0.15387356368998997,15,s,15_s
deep_succesful_runs_allowed,LAC,0.24525131137388995,20,t,20_t
deep_succesful_runs_allowed,LV,0.22703037233687634,20,t,20_t
deep_succesful_runs_allowed,MIA,0.38019256537571827,10,s,10_s
deep_succesful_runs_allowed,MIN,0.12379858782183512,8,s,8_s
deep_succesful_runs_allowed,NE,0.22455879719895588,16,s,16_s
deep_succesful_runs_allowed,NO,0.0873325326240085,5,e,5_e
deep_succesful_runs_allowed,NYG,0.1900756740731651,5,t,5_t
deep_succesful_runs_allowed,NYJ,0.22900060373898798,20,t,20_t
deep_succesful_runs_allowed,PHI,0.16324323560646545,8,t,8_t
deep_succesful_runs_allowed,PIT,0.29270038100223,20,m,20_m
deep_succesful_runs_allowed,SEA,0.13912825681939148,8,s,8_s
deep_succesful_runs_allowed,SF,0.25262878976955216,20,m,20_m
deep_succesful_runs_allowed,TB,0.2337263884231292,18,t,18_t
deep_succesful_runs_allowed,TEN,0.061077986453440626,6,t,6_t
deep_succesful_runs_allowed,WAS,0.2080517346223314,20,s,20_s
drive_points_oe,ARI,0.3231670363243489,18,t,18_t
drive_points_oe,ATL,0.31045761355498225,11,s,11_s
drive_points_oe,BAL,0.19906431986525766,5,t,5_t
drive_points_oe,BUF,0.2966694910936698,8,s,8_s
drive_points_oe,CAR,0.10705145355252293,5,w,5_w
drive_points_oe,CHI,0.129263933878889,7,s,7_s
drive_points_oe,CIN,0.2081096729142799,20,t,20_t
drive_points_oe,CLE,0.12237207415806686,8,s,8_s
drive_points_oe,DAL,0.26477719282911966,20,m,20_m
drive_points_oe,DEN,0.23756202885935307,12,s,12_s
drive_points_oe,DET,0.13020891337164547,5,w,5_w
drive_points_oe,GB,0.19623547291248095,14,t,14_t
drive_points_oe,HOU,0.14888479351593095,14,t,14_t
drive_points_oe,IND,0.14775415114165466,5,s,5_s
drive_points_oe,JAX,0.21356563895329472,5,t,5_t
drive_points_oe,KC,0.08856593402787567,18,s,18_s
drive_points_oe,LA,0.23302692737772693,5,s,5_s
drive_points_oe,LAC,0.14117920379409407,20,s,20_s
drive_points_oe,LV,0.2104466872105975,19,m,19_m
drive_points_oe,MIA,0.28277082383171886,8,s,8_s
drive_points_oe,MIN,0.11874485386094136,5,t,5_t
drive_points_oe,NE,0.17588360838922074,20,r,20_r
drive_points_oe,NO,0.2226648397895599,5,s,5_s
drive_points_oe,NYG,0.09400754885255923,16,r,16_r
drive_points_oe,NYJ,0.10401877196143618,20,t,20_t
drive_points_oe,PHI,0.26510426692012623,7,s,7_s
drive_points_oe,PIT,0.20718705934791634,5,w,5_w
drive_points_oe,SEA,0.08441108766930412,5,e,5_e
drive_points_oe,SF,0.25079613123345856,20,s,20_s
drive_points_oe,TB,0.1625844518360223,12,s,12_s
drive_points_oe,TEN,0.09545529623618701,17,s,17_s
drive_points_oe,WAS,0.1627053678413903,15,w,15_w
drive_points_oe_allowed,ARI,0.33517922714534504,20,t,20_t
drive_points_oe_allowed,ATL,0.3667224525497542,20,m,20_m
drive_points_oe_allowed,BAL,0.0803384144138604,5,w,5_w
drive_points_oe_allowed,BUF,0.06847911218298329,6,t,6_t
drive_points_oe_allowed,CAR,0.1528481719893248,6,t,6_t
drive_points_oe_allowed,CHI,0.2082090628252199,12,t,12_t
drive_points_oe_allowed,CIN,0.2981108358312709,5,s,5_s
drive_points_oe_allowed,CLE,0.21791923383278985,20,m,20_m
drive_points_oe_allowed,DAL,0.10194382365174981,8,t,8_t
drive_points_oe_allowed,DEN,0.358781884716192,11,m,11_m
drive_points_oe_allowed,DET,0.17609441385213886,15,w,15_w
drive_points_oe_allowed,GB,0.14427816036215435,9,s,9_s
drive_points_oe_allowed,HOU,0.17611077847568787,20,r,20_r
drive_points_oe_allowed,IND,0.1390478394752704,6,s,6_s
drive_points_oe_allowed,JAX,0.37073849956457605,12,s,12_s
drive_points_oe_allowed,KC,0.20301893094151008,5,t,5_t
drive_points_oe_allowed,LA,0.14315549210324469,5,w,5_w
drive_points_oe_allowed,LAC,0.15041967955922875,6,t,6_t
drive_points_oe_allowed,LV,0.24722881300954175,20,m,20_m
drive_points_oe_allowed,MIA,0.11604713956497867,5,w,5_w
drive_points_oe_allowed,MIN,0.1438082483543583,9,s,9_s
drive_points_oe_allowed,NE,0.15389484780994192,5,t,5_t
drive_points_oe_allowed,NO,0.24085094545449273,10,s,10_s
drive_points_oe_allowed,NYG,0.0868419751332071,5,t,5_t
drive_points_oe_allowed,NYJ,0.23721002175616462,20,t,20_t
drive_points_oe_allowed,PHI,0.11308694033535723,10,s,10_s
drive_points_oe_allowed,PIT,0.1472664087808853,18,t,18_t
drive_points_oe_allowed,SEA,0.05194686349361468,18,s,18_s
drive_points_oe_allowed,SF,0.35848522039018715,20,m,20_m
drive_points_oe_allowed,TB,0.09918408851214373,20,s,20_s
drive_points_oe_allowed,TEN,0.03817931826509953,18,t,18_t
drive_points_oe_allowed,WAS,0.21641508950638122,19,r,19_r
drive_wpa,ARI,0.37032795799082546,20,t,20_t
drive_wpa,ATL,0.317087535977189,20,t,20_t
drive_wpa,BAL,0.22465431805490432,5,t,5_t
drive_wpa,BUF,0.2728642888319269,8,s,8_s
drive_wpa,CAR,0.12354940718786386,15,s,15_s
drive_wpa,CHI,0.13454454084596187,12,t,12_t
drive_wpa,CIN,0.18981820947558206,20,t,20_t
drive_wpa,CLE,0.19755375337558512,14,t,14_t
drive_wpa,DAL,0.14145858713213258,8,s,8_s
drive_wpa,DEN,0.2537936708604637,10,s,10_s
drive_wpa,DET,0.09521294828259828,20,m,20_m
drive_wpa,GB,0.21180439804078646,8,t,8_t
drive_wpa,HOU,0.12640792776643775,6,s,6_s
drive_wpa,IND,0.11241355767103596,20,m,20_m
drive_wpa,JAX,0.18553921683178223,20,t,20_t
drive_wpa,KC,0.061485121287790705,20,r,20_r
drive_wpa,LA,0.2196762661757608,6,s,6_s
drive_wpa,LAC,0.05416601526927419,7,s,7_s
drive_wpa,LV,0.240883302115664,12,t,12_t
drive_wpa,MIA,0.1451154792337015,20,m,20_m
drive_wpa,MIN,0.24548940216288226,16,t,16_t
drive_wpa,NE,0.2534747787896988,16,t,16_t
drive_wpa,NO,0.24497900501148465,7,s,7_s
drive_wpa,NYG,0.09639228144607259,12,r,12_r
drive_wpa,NYJ,0.12377299225901553,13,m,13_m
drive_wpa,PHI,0.3816049889605655,7,s,7_s
drive_wpa,PIT,0.24856464200032982,20,m,20_m
drive_wpa,SEA,0.09405472309485967,17,s,17_s
drive_wpa,SF,0.280306218230106,20,s,20_s
drive_wpa,TB,0.1988213187875716,20,m,20_m
drive_wpa,TEN,0.0972412826072557,7,s,7_s
drive_wpa,WAS,0.15545290448269147,20,w,20_w
drive_wpa_allowed,ARI,0.37531338245662965,20,t,20_t
drive_wpa_allowed,ATL,0.2887040352306243,20,m,20_m
drive_wpa_allowed,BAL,0.1119731758231919,5,t,5_t
drive_wpa_allowed,BUF,0.11170248708775452,5,s,5_s
drive_wpa_allowed,CAR,0.1223341585264471,5,e,5_e
drive_wpa_allowed,CHI,0.1771676935940549,12,s,12_s
drive_wpa_allowed,CIN,0.21641102265373313,6,s,6_s
drive_wpa_allowed,CLE,0.13161196497886232,20,r,20_r
drive_wpa_allowed,DAL,0.16121372018893393,9,s,9_s
drive_wpa_allowed,DEN,0.31522667666231635,18,e,18_e
drive_wpa_allowed,DET,0.1508179106809247,15,w,15_w
drive_wpa_allowed,GB,0.1176616075138304,5,t,5_t
drive_wpa_allowed,HOU,0.1898804825481771,13,s,13_s
drive_wpa_allowed,IND,0.09866841353541231,20,m,20_m
drive_wpa_allowed,JAX,0.34862979229388696,11,s,11_s
drive_wpa_allowed,KC,0.18466223720974476,5,t,5_t
drive_wpa_allowed,LA,0.14098491036187233,20,r,20_r
drive_wpa_allowed,LAC,0.1504734987407905,6,t,6_t
drive_wpa_allowed,LV,0.230099865358556,20,r,20_r
drive_wpa_allowed,MIA,0.06268391242544248,5,t,5_t
drive_wpa_allowed,MIN,0.07549917316670583,9,s,9_s
drive_wpa_allowed,NE,0.21187340863493634,20,t,20_t
drive_wpa_allowed,NO,0.2149580830711721,9,s,9_s
drive_wpa_allowed,NYG,0.08230651490146734,9,s,9_s
drive_wpa_allowed,NYJ,0.17587935508456445,18,t,18_t
drive_wpa_allowed,PHI,0.20727002716577908,5,t,5_t
drive_wpa_allowed,PIT,0.11660449374618316,20,t,20_t
drive_wpa_allowed,SEA,0.19252246043664847,5,s,5_s
drive_wpa_allowed,SF,0.3191429620322967,20,m,20_m
drive_wpa_allowed,TB,0.14520815520623187,20,m,20_m
drive_wpa_allowed,TEN,0.08963798360274064,20,w,20_w
drive_wpa_allowed,WAS,0.23936334843228027,20,t,20_t
dropback_epa,ARI,0.306178927739775,14,t,14_t
dropback_epa,ATL,0.33115240998568435,20,t,20_t
dropback_epa,BAL,0.13304733423045825,5,e,5_e
dropback_epa,BUF,0.31786956133578104,8,s,8_s
dropback_epa,CAR,0.12415011094249691,14,t,14_t
dropback_epa,CHI,0.16133248802546743,10,t,10_t
dropback_epa,CIN,0.228094227945136,20,t,20_t
dropback_epa,CLE,0.17772668692032342,20,m,20_m
dropback_epa,DAL,0.10960653991624685,20,m,20_m
dropback_epa,DEN,0.16256723936777565,10,s,10_s
dropback_epa,DET,0.1343950182865094,5,t,5_t
dropback_epa,GB,0.243273590021385,8,t,8_t
dropback_epa,HOU,0.1682134548190055,18,t,18_t
dropback_epa,IND,0.1755145751016196,6,s,6_s
dropback_epa,JAX,0.1655381213288981,20,m,20_m
dropback_epa,KC,0.08326444963765642,20,m,20_m
dropback_epa,LA,0.1792624954945072,6,t,6_t
dropback_epa,LAC,0.13626719655638642,5,s,5_s
dropback_epa,LV,0.21853245483177094,20,t,20_t
dropback_epa,MIA,0.20614991494677404,8,s,8_s
dropback_epa,MIN,0.22252640035171936,18,t,18_t
dropback_epa,NE,0.2116224819804896,9,s,9_s
dropback_epa,NO,0.18683330114162153,6,t,6_t
dropback_epa,NYG,0.1405226338317259,8,t,8_t
dropback_epa,NYJ,0.09607397990807845,14,s,14_s
dropback_epa,PHI,0.2976656777218487,7,s,7_s
dropback_epa,PIT,0.24294419593687955,20,m,20_m
dropback_epa,SEA,0.10179630640101003,5,e,5_e
dropback_epa,SF,0.3626446375199104,14,s,14_s
dropback_epa,TB,0.19979362411795043,20,m,20_m
dropback_epa,TEN,0.1069629593517671,5,w,5_w
dropback_epa,WAS,0.15920242554720518,8,s,8_s
dropback_epa_allowed,ARI,0.2159442144881056,20,t,20_t
dropback_epa_allowed,ATL,0.3446563636249241,20,r,20_r
dropback_epa_allowed,BAL,0.1657286919373746,16,s,16_s
dropback_epa_allowed,BUF,0.2387461228725623,20,m,20_m
dropback_epa_allowed,CAR,0.13081670481224214,12,t,12_t
dropback_epa_allowed,CHI,0.21771205608804262,18,t,18_t
dropback_epa_allowed,CIN,0.22132106533853843,6,s,6_s
dropback_epa_allowed,CLE,0.17665435814932895,16,t,16_t
dropback_epa_allowed,DAL,0.1459835323078996,10,t,10_t
dropback_epa_allowed,DEN,0.15864269378005974,20,m,20_m
dropback_epa_allowed,DET,0.20029744316503004,5,e,5_e
dropback_epa_allowed,GB,0.13034006160523434,9,s,9_s
dropback_epa_allowed,HOU,0.13722505299719703,20,m,20_m
dropback_epa_allowed,IND,0.11519166671655291,17,s,17_s
dropback_epa_allowed,JAX,0.39388207940940473,12,s,12_s
dropback_epa_allowed,KC,0.2569261446374782,5,t,5_t
dropback_epa_allowed,LA,0.13159541112714557,5,w,5_w
dropback_epa_allowed,LAC,0.14924362175105385,17,s,17_s
dropback_epa_allowed,LV,0.2152918693766886,20,m,20_m
dropback_epa_allowed,MIA,0.1976056170252054,5,w,5_w
dropback_epa_allowed,MIN,0.1253469870053824,5,t,5_t
dropback_epa_allowed,NE,0.20105957416365725,20,m,20_m
dropback_epa_allowed,NO,0.1780878060553274,12,s,12_s
dropback_epa_allowed,NYG,0.08654564771014198,5,t,5_t
dropback_epa_allowed,NYJ,0.142906407223592,20,t,20_t
dropback_epa_allowed,PHI,0.16376293296562663,10,s,10_s
dropback_epa_allowed,PIT,0.07822765899586566,18,t,18_t
dropback_epa_allowed,SEA,0.061733703537771,5,t,5_t
dropback_epa_allowed,SF,0.34638864052386775,20,m,20_m
dropback_epa_allowed,TB,0.18848743893168507,19,s,19_s
dropback_epa_allowed,TEN,0.0827694948771011,5,e,5_e
dropback_epa_allowed,WAS,0.24992930072339978,20,m,20_m
dropback_wpa,ARI,0.3369855706968382,14,t,14_t
dropback_wpa,ATL,0.35767785895005194,20,t,20_t
dropback_wpa,BAL,0.12584039254452478,5,w,5_w
dropback_wpa,BUF,0.3094666363598429,14,t,14_t
dropback_wpa,CAR,0.10714794116611241,16,s,16_s
dropback_wpa,CHI,0.1522284371827125,20,m,20_m
dropback_wpa,CIN,0.21742157162020082,14,s,14_s
dropback_wpa,CLE,0.14013119131588178,14,m,14_m
dropback_wpa,DAL,0.1579500789441708,14,m,14_m
dropback_wpa,DEN,0.19941004553049432,10,s,10_s
dropback_wpa,DET,0.09721287623618965,9,s,9_s
dropback_wpa,GB,0.23677101834980027,5,t,5_t
dropback_wpa,HOU,0.13988317356290964,20,t,20_t
dropback_wpa,IND,0.12178745068601958,20,m,20_m
dropback_wpa,JAX,0.17536076315324062,20,t,20_t
dropback_wpa,KC,0.11592458126299285,20,m,20_m
dropback_wpa,LA,0.15367876856971088,6,t,6_t
dropback_wpa,LAC,0.06798666172220862,5,s,5_s
dropback_wpa,LV,0.25145031909720855,18,t,18_t
dropback_wpa,MIA,0.11327093923820894,20,m,20_m
dropback_wpa,MIN,0.21343967511825301,18,t,18_t
dropback_wpa,NE,0.24573883092921692,14,t,14_t
dropback_wpa,NO,0.2524072560039293,7,s,7_s
dropback_wpa,NYG,0.15424981354284492,8,t,8_t
dropback_wpa,NYJ,0.1270685557426617,10,t,10_t
dropback_wpa,PHI,0.3326463245043057,7,s,7_s
dropback_wpa,PIT,0.29313273778583554,20,m,20_m
dropback_wpa,SEA,0.054740518647607844,17,s,17_s
dropback_wpa,SF,0.25477930099959434,13,m,13_m
dropback_wpa,TB,0.18388031138177713,20,m,20_m
dropback_wpa,TEN,0.11643998466208479,7,s,7_s
dropback_wpa,WAS,0.16794897250365026,8,s,8_s
dropback_wpa_allowed,ARI,0.14633021576960514,20,t,20_t
dropback_wpa_allowed,ATL,0.2546079309947195,20,r,20_r
dropback_wpa_allowed,BAL,0.17166526940062957,15,s,15_s
dropback_wpa_allowed,BUF,0.2952324204866542,20,m,20_m
dropback_wpa_allowed,CAR,0.11629318634235762,5,e,5_e
dropback_wpa_allowed,CHI,0.15945975627054018,16,t,16_t
dropback_wpa_allowed,CIN,0.15288165705981346,8,s,8_s
dropback_wpa_allowed,CLE,0.1360679534156847,20,r,20_r
dropback_wpa_allowed,DAL,0.140596764102718,12,s,12_s
dropback_wpa_allowed,DEN,0.17671579170229273,20,m,20_m
dropback_wpa_allowed,DET,0.15016659692435977,7,s,7_s
dropback_wpa_allowed,GB,0.12297788719358699,10,t,10_t
dropback_wpa_allowed,HOU,0.1729661728907512,20,m,20_m
dropback_wpa_allowed,IND,0.09623636955347188,19,w,19_w
dropback_wpa_allowed,JAX,0.3485812868635015,10,s,10_s
dropback_wpa_allowed,KC,0.25862461537008286,5,t,5_t
dropback_wpa_allowed,LA,0.14703906344569886,20,r,20_r
dropback_wpa_allowed,LAC,0.15371793379359255,16,r,16_r
dropback_wpa_allowed,LV,0.21571509529317626,18,m,18_m
dropback_wpa_allowed,MIA,0.14629524736618257,5,e,5_e
dropback_wpa_allowed,MIN,0.08659684431960883,5,e,5_e
dropback_wpa_allowed,NE,0.19888227980520828,20,m,20_m
dropback_wpa_allowed,NO,0.22639664925857048,16,s,16_s
dropback_wpa_allowed,NYG,0.09101554519616584,5,t,5_t
dropback_wpa_allowed,NYJ,0.1160226035622572,16,t,16_t
dropback_wpa_allowed,PHI,0.24338011617821947,5,t,5_t
dropback_wpa_allowed,PIT,0.08045246416311111,18,t,18_t
dropback_wpa_allowed,SEA,0.14267391863950724,5,s,5_s
dropback_wpa_allowed,SF,0.37847946198367766,20,m,20_m
dropback_wpa_allowed,TB,0.18863520205071177,19,s,19_s
dropback_wpa_allowed,TEN,0.16091544663635968,5,e,5_e
dropback_wpa_allowed,WAS,0.24970322369682676,20,m,20_m
early_down_success,ARI,0.370909126698197,14,s,14_s
early_down_success,ATL,0.35364490473593213,15,s,15_s
early_down_success,BAL,0.17428374063393878,6,t,6_t
early_down_success,BUF,0.39283047392205284,8,t,8_t
early_down_success,CAR,0.13937540683536903,20,r,20_r
early_down_success,CHI,0.21578372002639207,20,t,20_t
early_down_success,CIN,0.23513473969259832,20,s,20_s
early_down_success,CLE,0.2091496200453738,14,t,14_t
early_down_success,DAL,0.22617879783274186,14,m,14_m
early_down_success,DEN,0.229627262975425,6,t,6_t
early_down_success,DET,0.11144792194326943,20,r,20_r
early_down_success,GB,0.0818782950952439,14,t,14_t
early_down_success,HOU,0.21794953301677675,5,w,5_w
early_down_success,IND,0.07469963286932003,5,e,5_e
early_down_success,JAX,0.1375015673850071,5,t,5_t
early_down_success,KC,0.12658802109542044,20,r,20_r
early_down_success,LA,0.2477916905481853,6,w,6_w
early_down_success,LAC,0.15582397089841885,5,s,5_s
early_down_success,LV,0.18528578609039972,20,t,20_t
early_down_success,MIA,0.23020563777749495,8,w,8_w
early_down_success,MIN,0.14769026700811563,5,w,5_w
early_down_success,NE,0.08057216604135473,20,m,20_m
early_down_success,NO,0.15987294412466763,16,s,16_s
early_down_success,NYG,0.16246297277959484,8,t,8_t
early_down_success,NYJ,0.13640421209482156,20,t,20_t
early_down_success,PHI,0.10168254460418436,6,t,6_t
early_down_success,PIT,0.21692018324296516,20,m,20_m
early_down_success,SEA,0.0700635608904212,20,w,20_w
early_down_success,SF,0.3618049164781352,20,m,20_m
early_down_success,TB,0.10229552640358153,12,s,12_s
early_down_success,TEN,0.08053765761166186,8,s,8_s
early_down_success,WAS,0.2301628332792634,6,s,6_s
early_down_success_allowed,ARI,0.11774816560704325,20,r,20_r
early_down_success_allowed,ATL,0.2196483370911234,18,t,18_t
early_down_success_allowed,BAL,0.11954616499814454,12,s,12_s
early_down_success_allowed,BUF,0.07282832514931631,20,m,20_m
early_down_success_allowed,CAR,0.2655775724478044,6,t,6_t
early_down_success_allowed,CHI,0.20539102366613646,8,t,8_t
early_down_success_allowed,CIN,0.15031619632422036,6,t,6_t
early_down_success_allowed,CLE,0.1446458335480236,8,t,8_t
early_down_success_allowed,DAL,0.11021457323586277,20,m,20_m
early_down_success_allowed,DEN,0.1756258700678983,5,s,5_s
early_down_success_allowed,DET,0.17018073343271684,13,s,13_s
early_down_success_allowed,GB,0.18774918522575154,10,s,10_s
early_down_success_allowed,HOU,0.24229697054116314,20,t,20_t
early_down_success_allowed,IND,0.13543799170321894,5,s,5_s
early_down_success_allowed,JAX,0.3953748712245024,14,s,14_s
early_down_success_allowed,KC,0.2775957284487215,5,t,5_t
early_down_success_allowed,LA,0.13455948072914142,15,m,15_m
early_down_success_allowed,LAC,0.0735087848698781,8,s,8_s
early_down_success_allowed,LV,0.2363245556564193,20,t,20_t
early_down_success_allowed,MIA,0.10763185245324103,5,w,5_w
early_down_success_allowed,MIN,0.136639034580903,20,r,20_r
early_down_success_allowed,NE,0.23389067773202324,5,s,5_s
early_down_success_allowed,NO,0.11935467660214712,9,s,9_s
early_down_success_allowed,NYG,0.12004088880225605,10,t,10_t
early_down_success_allowed,NYJ,0.1618604842657211,5,w,5_w
early_down_success_allowed,PHI,0.08005992621393279,18,s,18_s
early_down_success_allowed,PIT,0.20510627955882044,14,s,14_s
early_down_success_allowed,SEA,0.04541182714086264,6,t,6_t
early_down_success_allowed,SF,0.34520277004991756,20,r,20_r
early_down_success_allowed,TB,0.20442048182942843,20,r,20_r
early_down_success_allowed,TEN,0.08938712185271949,19,w,19_w
early_down_success_allowed,WAS,0.20808434105998694,19,m,19_m
eloa,ARI,0.26054786960149195,8,t,8_t
eloa,ATL,0.3178550165181124,20,m,20_m
eloa,BAL,0.1550604558761703,5,t,5_t
eloa,BUF,0.20527403557369758,20,m,20_m
eloa,CAR,0.11931553702312087,15,s,15_s
eloa,CHI,0.22815684712218393,20,t,20_t
eloa,CIN,0.2385502689505244,14,s,14_s
eloa,CLE,0.24474847702914365,16,t,16_t
eloa,DAL,0.18873963607786454,10,t,10_t
eloa,DEN,0.15061706541858275,18,t,18_t
eloa,DET,0.12160069214318919,20,m,20_m
eloa,GB,0.1241153586812312,15,m,15_m
eloa,HOU,0.21219268634441618,7,s,7_s
eloa,IND,0.08285462932092726,5,t,5_t
eloa,JAX,0.32138441518428934,11,s,11_s
eloa,KC,0.17925968286980118,20,t,20_t
eloa,LA,0.17180228102093162,13,m,13_m
eloa,LAC,0.11856681040105584,6,t,6_t
eloa,LV,0.23971670181312146,20,s,20_s
eloa,MIA,0.1263658139535655,5,e,5_e
eloa,MIN,0.1771527633690138,20,t,20_t
eloa,NE,0.20045132388177125,5,t,5_t
eloa,NO,0.21474095392371126,5,t,5_t
eloa,NYG,0.08273913080354488,9,s,9_s
eloa,NYJ,0.18194530611868381,5,e,5_e
eloa,PHI,0.3078797745563585,6,s,6_s
eloa,PIT,0.1806559463327091,20,r,20_r
eloa,SEA,0.2220865692341185,5,s,5_s
eloa,SF,0.33253840585178324,20,w,20_w
eloa,TB,0.15107661801856867,20,m,20_m
eloa,TEN,0.26744071738097724,17,s,17_s
eloa,WAS,0.223006992662674,20,m,20_m
incomplete_per_dropback,ARI,0.21959849270618625,12,m,12_m
incomplete_per_dropback,ATL,0.330281166070905,20,m,20_m
incomplete_per_dropback,BAL,0.10977240541711865,20,t,20_t
incomplete_per_dropback,BUF,0.21473433176664358,8,t,8_t
incomplete_per_dropback,CAR,0.16443039677818744,20,s,20_s
incomplete_per_dropback,CHI,0.10739155071653313,8,s,8_s
incomplete_per_dropback,CIN,0.3235741642971509,14,s,14_s
incomplete_per_dropback,CLE,0.23741532987669162,6,s,6_s
incomplete_per_dropback,DAL,0.20122452014465267,14,s,14_s
incomplete_per_dropback,DEN,0.16769419415962508,16,e,16_e
incomplete_per_dropback,DET,0.11790188382919214,20,r,20_r
incomplete_per_dropback,GB,0.11844979396036011,5,e,5_e
incomplete_per_dropback,HOU,0.12919701586903906,20,r,20_r
incomplete_per_dropback,IND,0.25405968876306284,11,s,11_s
incomplete_per_dropback,JAX,0.31481085733101244,20,t,20_t
incomplete_per_dropback,KC,0.15319680238998484,8,t,8_t
incomplete_per_dropback,LA,0.09728968218973703,14,t,14_t
incomplete_per_dropback,LAC,0.2954759536730583,18,s,18_s
incomplete_per_dropback,LV,0.26262712747256217,5,e,5_e
incomplete_per_dropback,MIA,0.09459841039869123,20,r,20_r
incomplete_per_dropback,MIN,0.0660418698757429,5,w,5_w
incomplete_per_dropback,NE,0.14896559039548013,20,r,20_r
incomplete_per_dropback,NO,0.20972744804421553,5,t,5_t
incomplete_per_dropback,NYG,0.17055229243509218,18,r,18_r
incomplete_per_dropback,NYJ,0.1522686132884866,5,t,5_t
incomplete_per_dropback,PHI,0.23017987569458037,20,s,20_s
incomplete_per_dropback,PIT,0.259690492493892,19,s,19_s
incomplete_per_dropback,SEA,0.13527617511333173,17,s,17_s
incomplete_per_dropback,SF,0.1833572777607346,5,w,5_w
incomplete_per_dropback,TB,0.18683128167319762,20,r,20_r
incomplete_per_dropback,TEN,0.11424686478273004,20,s,20_s
incomplete_per_dropback,WAS,0.15604002988471985,19,s,19_s
incomplete_per_dropback_allowed,ARI,0.1756016279561354,8,t,8_t
incomplete_per_dropback_allowed,ATL,0.17506669870414723,6,s,6_s
incomplete_per_dropback_allowed,BAL,0.16759960887058567,17,s,17_s
incomplete_per_dropback_allowed,BUF,0.3020542850567965,14,t,14_t
incomplete_per_dropback_allowed,CAR,0.1398558497618714,5,t,5_t
incomplete_per_dropback_allowed,CHI,0.10486318751569967,10,t,10_t
incomplete_per_dropback_allowed,CIN,0.12030586825289498,5,t,5_t
incomplete_per_dropback_allowed,CLE,0.2131298050221926,20,r,20_r
incomplete_per_dropback_allowed,DAL,0.19303048050488994,5,e,5_e
incomplete_per_dropback_allowed,DEN,0.165839196454517,8,t,8_t
incomplete_per_dropback_allowed,DET,0.13630442723238145,5,e,5_e
incomplete_per_dropback_allowed,GB,0.1555693228227326,14,s,14_s
incomplete_per_dropback_allowed,HOU,0.20111899586274382,20,m,20_m
incomplete_per_dropback_allowed,IND,0.30572893637946297,10,s,10_s
incomplete_per_dropback_allowed,JAX,0.3344755559698203,14,s,14_s
incomplete_per_dropback_allowed,KC,0.2000518042257912,14,t,14_t
incomplete_per_dropback_allowed,LA,0.13017395353905184,18,s,18_s
incomplete_per_dropback_allowed,LAC,0.09812280735093488,20,t,20_t
incomplete_per_dropback_allowed,LV,0.17202549621360544,20,s,20_s
incomplete_per_dropback_allowed,MIA,0.25977904698366,12,r,12_r
incomplete_per_dropback_allowed,MIN,0.14888303305183964,12,s,12_s
incomplete_per_dropback_allowed,NE,0.2521685166714248,20,e,20_e
incomplete_per_dropback_allowed,NO,0.13531051113535014,20,m,20_m
incomplete_per_dropback_allowed,NYG,0.11891220582039733,15,s,15_s
incomplete_per_dropback_allowed,NYJ,0.07088343443936602,6,t,6_t
incomplete_per_dropback_allowed,PHI,0.12567121329271794,10,t,10_t
incomplete_per_dropback_allowed,PIT,0.13723361675277584,20,s,20_s
incomplete_per_dropback_allowed,SEA,0.15315932531095197,5,e,5_e
incomplete_per_dropback_allowed,SF,0.40171744084549965,8,s,8_s
incomplete_per_dropback_allowed,TB,0.2025047302828062,20,m,20_m
incomplete_per_dropback_allowed,TEN,0.11372651059920849,18,s,18_s
incomplete_per_dropback_allowed,WAS,0.18490891150900857,20,m,20_m
interception_per_dropback,ARI,0.23525271407730963,12,t,12_t
interception_per_dropback,ATL,0.28582792507005733,20,m,20_m
interception_per_dropback,BAL,0.133054726299002,20,t,20_t
interception_per_dropback,BUF,0.2273184547633908,8,s,8_s
interception_per_dropback,CAR,0.13859345019088898,5,t,5_t
interception_per_dropback,CHI,0.13386431135209423,5,t,5_t
interception_per_dropback,CIN,0.25261041897399056,14,t,14_t
interception_per_dropback,CLE,0.1272777231118285,11,s,11_s
interception_per_dropback,DAL,0.16237162453219928,20,t,20_t
interception_per_dropback,DEN,0.16433360099225242,20,t,20_t
interception_per_dropback,DET,0.18701671932400482,9,s,9_s
interception_per_dropback,GB,0.10978458055353683,12,m,12_m
interception_per_dropback,HOU,0.1959102641036735,5,t,5_t
interception_per_dropback,IND,0.19800578539964742,10,t,10_t
interception_per_dropback,JAX,0.31661323538349057,20,r,20_r
interception_per_dropback,KC,0.11137376935814626,20,m,20_m
interception_per_dropback,LA,0.17493033085821777,12,m,12_m
interception_per_dropback,LAC,0.0568614926758215,7,s,7_s
interception_per_dropback,LV,0.28654387277433097,20,m,20_m
interception_per_dropback,MIA,0.1860947533533207,5,e,5_e
interception_per_dropback,MIN,0.06344510113197192,5,t,5_t
interception_per_dropback,NE,0.19083534342665595,15,s,15_s
interception_per_dropback,NO,0.1809096324217543,8,s,8_s
interception_per_dropback,NYG,0.2627163612597345,9,s,9_s
interception_per_dropback,NYJ,0.20067078094215457,20,t,20_t
interception_per_dropback,PHI,0.2498828261954996,7,s,7_s
interception_per_dropback,PIT,0.28271982641870874,20,w,20_w
interception_per_dropback,SEA,0.04525659889709378,8,s,8_s
interception_per_dropback,SF,0.3874279290393129,20,m,20_m
interception_per_dropback,TB,0.0856360921138647,5,t,5_t
interception_per_dropback,TEN,0.11706430965662391,20,t,20_t
interception_per_dropback,WAS,0.13990597289001575,20,r,20_r
interception_per_dropback_allowed,ARI,0.2256080150639709,16,r,16_r
interception_per_dropback_allowed,ATL,0.25114301787641824,20,r,20_r
interception_per_dropback_allowed,BAL,0.289987108759346,16,t,16_t
interception_per_dropback_allowed,BUF,0.12121208329833097,20,m,20_m
interception_per_dropback_allowed,CAR,0.17877258392661566,8,t,8_t
interception_per_dropback_allowed,CHI,0.08467060983875925,11,s,11_s
interception_per_dropback_allowed,CIN,0.14393186875340416,20,t,20_t
interception_per_dropback_allowed,CLE,0.18395861004113492,20,m,20_m
interception_per_dropback_allowed,DAL,0.23823108575175297,20,m,20_m
interception_per_dropback_allowed,DEN,0.1364012882568525,14,s,14_s
interception_per_dropback_allowed,DET,0.29057915105140614,8,s,8_s
interception_per_dropback_allowed,GB,0.20775712913623884,20,r,20_r
interception_per_dropback_allowed,HOU,0.19858672468658428,11,s,11_s
interception_per_dropback_allowed,IND,0.093897944221462,20,m,20_m
interception_per_dropback_allowed,JAX,0.1731983494314182,20,m,20_m
interception_per_dropback_allowed,KC,0.16898510239302073,20,r,20_r
interception_per_dropback_allowed,LA,0.1560061383683516,12,t,12_t
interception_per_dropback_allowed,LAC,0.15388199607985073,14,m,14_m
interception_per_dropback_allowed,LV,0.13546808343075,20,r,20_r
interception_per_dropback_allowed,MIA,0.2454330812799261,20,t,20_t
interception_per_dropback_allowed,MIN,0.13081510243202776,5,t,5_t
interception_per_dropback_allowed,NE,0.2756022149262434,18,s,18_s
interception_per_dropback_allowed,NO,0.11595920295620561,10,s,10_s
interception_per_dropback_allowed,NYG,0.16117441583562214,16,e,16_e
interception_per_dropback_allowed,NYJ,0.23335521624124564,14,s,14_s
interception_per_dropback_allowed,PHI,0.28979162098253364,10,s,10_s
interception_per_dropback_allowed,PIT,0.287977422220708,20,t,20_t
interception_per_dropback_allowed,SEA,0.07388756954450577,6,t,6_t
interception_per_dropback_allowed,SF,0.3896127425196134,20,m,20_m
interception_per_dropback_allowed,TB,0.1712977073461154,20,m,20_m
interception_per_dropback_allowed,TEN,0.07663754748140271,5,w,5_w
interception_per_dropback_allowed,WAS,0.07742361967543822,20,r,20_r
kickoff_epa,ARI,0.1396358648172433,14,t,14_t
kickoff_epa,ATL,0.2833688208503598,20,r,20_r
kickoff_epa,BAL,0.14450444517691105,10,t,10_t
kickoff_epa,BUF,0.359985317148247,20,m,20_m
kickoff_epa,CAR,0.15244533414725475,5,s,5_s
kickoff_epa,CHI,0.07875521962891807,14,s,14_s
kickoff_epa,CIN,0.20961601297738083,5,w,5_w
kickoff_epa,CLE,0.1917091891007231,5,s,5_s
kickoff_epa,DAL,0.3060858046551273,17,s,17_s
kickoff_epa,DEN,0.13621362360883288,15,s,15_s
kickoff_epa,DET,0.15523704581395828,14,s,14_s
kickoff_epa,GB,0.10983057571059673,20,t,20_t
kickoff_epa,HOU,0.11179117481507533,7,s,7_s
kickoff_epa,IND,0.22990824789260386,5,t,5_t
kickoff_epa,JAX,0.1179400248736363,20,m,20_m
kickoff_epa,KC,0.15349541494662086,6,w,6_w
kickoff_epa,LA,0.23304207177703498,20,r,20_r
kickoff_epa,LAC,0.15630376028377702,20,s,20_s
kickoff_epa,LV,0.11322958285034143,20,t,20_t
kickoff_epa,MIA,0.13623036896051524,16,s,16_s
kickoff_epa,MIN,0.06701096542177959,5,s,5_s
kickoff_epa,NE,0.14869682185351984,18,s,18_s
kickoff_epa,NO,0.09149441119681548,6,t,6_t
kickoff_epa,NYG,0.1096138885880413,20,r,20_r
kickoff_epa,NYJ,0.12950240578425654,18,s,18_s
kickoff_epa,PHI,0.23346581351511078,8,t,8_t
kickoff_epa,PIT,0.13702867192716944,17,s,17_s
kickoff_epa,SEA,0.11900502155904515,8,t,8_t
kickoff_epa,SF,0.25157560644820676,14,s,14_s
kickoff_epa,TB,0.2673379705820277,20,m,20_m
kickoff_epa,TEN,0.11434171307982016,20,t,20_t
kickoff_epa,WAS,0.15412681013158036,20,m,20_m
kickoff_epa_allowed,ARI,0.11875003273214073,20,t,20_t
kickoff_epa_allowed,ATL,0.3032809064064551,20,m,20_m
kickoff_epa_allowed,BAL,0.22857092820495967,6,w,6_w
kickoff_epa_allowed,BUF,0.12035232128970907,17,s,17_s
kickoff_epa_allowed,CAR,0.20952017213647103,20,t,20_t
kickoff_epa_allowed,CHI,0.3152204496174521,15,s,15_s
kickoff_epa_allowed,CIN,0.10746186903768258,9,s,9_s
kickoff_epa_allowed,CLE,0.10564112622119372,5,e,5_e
kickoff_epa_allowed,DAL,0.24485820529156802,14,s,14_s
kickoff_epa_allowed,DEN,0.1440107291014841,10,t,10_t
kickoff_epa_allowed,DET,0.12640636920909495,19,s,19_s
kickoff_epa_allowed,GB,0.08826395119358399,5,e,5_e
kickoff_epa_allowed,HOU,0.18821591292367199,6,t,6_t
kickoff_epa_allowed,IND,0.19905026156733532,18,s,18_s
kickoff_epa_allowed,JAX,0.2853682415707757,16,s,16_s
kickoff_epa_allowed,KC,0.26512265090017,20,s,20_s
kickoff_epa_allowed,LA,0.15381136057355183,5,s,5_s
kickoff_epa_allowed,LAC,0.2695132263916596,20,s,20_s
kickoff_epa_allowed,LV,0.11652577512785389,20,r,20_r
kickoff_epa_allowed,MIA,0.1298547028452672,20,m,20_m
kickoff_epa_allowed,MIN,0.16870473878791156,14,s,14_s
kickoff_epa_allowed,NE,0.13164412990866461,20,m,20_m
kickoff_epa_allowed,NO,0.19031364902815698,12,t,12_t
kickoff_epa_allowed,NYG,0.12251731165266805,20,s,20_s
kickoff_epa_allowed,NYJ,0.2404196389299607,8,t,8_t
kickoff_epa_allowed,PHI,0.14512998774570596,5,e,5_e
kickoff_epa_allowed,PIT,0.21954450070432688,10,t,10_t
kickoff_epa_allowed,SEA,0.08630413216261497,5,s,5_s
kickoff_epa_allowed,SF,0.2937686765391585,20,m,20_m
kickoff_epa_allowed,TB,0.3110319591010548,20,t,20_t
kickoff_epa_allowed,TEN,0.06749275769293618,8,s,8_s
kickoff_epa_allowed,WAS,0.18795409321001594,5,t,5_t
mean_wp,ARI,0.26322166341299996,8,t,8_t
mean_wp,ATL,0.14409206283951345,20,m,20_m
mean_wp,BAL,0.11459565518105982,5,t,5_t
mean_wp,BUF,0.31416725523674127,15,s,15_s
mean_wp,CAR,0.1067086157739101,5,s,5_s
mean_wp,CHI,0.18395986078574292,10,t,10_t
mean_wp,CIN,0.2215356710061656,10,t,10_t
mean_wp,CLE,0.18572864212339052,14,t,14_t
mean_wp,DAL,0.2599739516793177,10,t,10_t
mean_wp,DEN,0.13603360667168418,20,m,20_m
mean_wp,DET,0.1217355078984439,7,s,7_s
mean_wp,GB,0.1322211266100849,20,t,20_t
mean_wp,HOU,0.1142468653335827,6,t,6_t
mean_wp,IND,0.15395529286546672,17,s,17_s
mean_wp,JAX,0.31001733491407324,6,e,6_e
mean_wp,KC,0.20083458790719105,5,t,5_t
mean_wp,LA,0.16121045487552368,8,t,8_t
mean_wp,LAC,0.09698219722083877,12,t,12_t
mean_wp,LV,0.1585123282725238,20,s,20_s
mean_wp,MIA,0.17814566690619063,5,t,5_t
mean_wp,MIN,0.2073786912638397,18,t,18_t
mean_wp,NE,0.2414031193420239,5,t,5_t
mean_wp,NO,0.09948537450635117,7,s,7_s
mean_wp,NYG,0.18448175992368587,9,s,9_s
mean_wp,NYJ,0.11279314323969446,12,s,12_s
mean_wp,PHI,0.2905713614404239,7,s,7_s
mean_wp,PIT,0.24444186001563123,20,m,20_m
mean_wp,SEA,0.30133006690278974,5,s,5_s
mean_wp,SF,0.32167785326999204,15,w,15_w
mean_wp,TB,0.1412411820819418,18,s,18_s
mean_wp,TEN,0.22118293082389362,5,e,5_e
mean_wp,WAS,0.18914222475620457,20,m,20_m
pass_td_rate,ARI,0.29501387624665243,8,t,8_t
pass_td_rate,ATL,0.3294941808782737,20,t,20_t
pass_td_rate,BAL,0.13877202574242828,14,s,14_s
pass_td_rate,BUF,0.3125746961862647,13,s,13_s
pass_td_rate,CAR,0.11460183727542261,5,w,5_w
pass_td_rate,CHI,0.1994999258873709,19,s,19_s
pass_td_rate,CIN,0.1628099655509311,8,s,8_s
pass_td_rate,CLE,0.24169993923918495,14,m,14_m
pass_td_rate,DAL,0.12457329012044513,20,t,20_t
pass_td_rate,DEN,0.12919885480330054,6,s,6_s
pass_td_rate,DET,0.081769019664523,11,s,11_s
pass_td_rate,GB,0.1972131274000369,8,t,8_t
pass_td_rate,HOU,0.2087637106311693,14,t,14_t
pass_td_rate,IND,0.19261114430540807,7,w,7_w
pass_td_rate,JAX,0.10383330330479852,20,m,20_m
pass_td_rate,KC,0.08687570782506406,16,t,16_t
pass_td_rate,LA,0.23932864223594005,6,t,6_t
pass_td_rate,LAC,0.09934189581335955,19,s,19_s
pass_td_rate,LV,0.23741387759222757,18,t,18_t
pass_td_rate,MIA,0.2948973303178529,17,s,17_s
pass_td_rate,MIN,0.12569406749203482,18,t,18_t
pass_td_rate,NE,0.17900033355619424,8,t,8_t
pass_td_rate,NO,0.09718678676438978,5,t,5_t
pass_td_rate,NYG,0.07380562500540896,14,m,14_m
pass_td_rate,NYJ,0.200635545073119,18,s,18_s
pass_td_rate,PHI,0.19504835072203341,5,e,5_e
pass_td_rate,PIT,0.20201725632333173,20,m,20_m
pass_td_rate,SEA,0.15108465683403394,5,t,5_t
pass_td_rate,SF,0.36432330037488186,20,t,20_t
pass_td_rate,TB,0.16418344954114417,20,m,20_m
pass_td_rate,TEN,0.09912599534233749,5,w,5_w
pass_td_rate,WAS,0.23232499840291243,20,m,20_m
pass_td_rate_allowed,ARI,0.06853180852757527,7,s,7_s
pass_td_rate_allowed,ATL,0.3440262081378853,20,m,20_m
pass_td_rate_allowed,BAL,0.20771226158335107,11,s,11_s
pass_td_rate_allowed,BUF,0.22383898986880954,8,s,8_s
pass_td_rate_allowed,CAR,0.14181123368484455,6,t,6_t
pass_td_rate_allowed,CHI,0.21660176368884837,5,t,5_t
pass_td_rate_allowed,CIN,0.22615160661799794,8,s,8_s
pass_td_rate_allowed,CLE,0.25371397913899413,20,t,20_t
pass_td_rate_allowed,DAL,0.12785821269514527,7,s,7_s
pass_td_rate_allowed,DEN,0.08144396579847629,10,t,10_t
pass_td_rate_allowed,DET,0.12390985512820012,10,t,10_t
pass_td_rate_allowed,GB,0.14794204260425955,8,s,8_s
pass_td_rate_allowed,HOU,0.14532361965599075,5,w,5_w
pass_td_rate_allowed,IND,0.3226964410996305,8,t,8_t
pass_td_rate_allowed,JAX,0.2989690797148576,10,t,10_t
pass_td_rate_allowed,KC,0.1474545724297592,6,t,6_t
pass_td_rate_allowed,LA,0.15093126301426063,20,m,20_m
pass_td_rate_allowed,LAC,0.1693734975703323,5,s,5_s
pass_td_rate_allowed,LV,0.15487185893750788,20,r,20_r
pass_td_rate_allowed,MIA,0.2209317855077447,5,t,5_t
pass_td_rate_allowed,MIN,0.09382687214738172,6,s,6_s
pass_td_rate_allowed,NE,0.1748994815429157,20,m,20_m
pass_td_rate_allowed,NO,0.31947601857976043,16,s,16_s
pass_td_rate_allowed,NYG,0.11854388640123707,13,s,13_s
pass_td_rate_allowed,NYJ,0.09523511136236734,20,t,20_t
pass_td_rate_allowed,PHI,0.15811272017586298,8,t,8_t
pass_td_rate_allowed,PIT,0.15399033933070724,20,m,20_m
pass_td_rate_allowed,SEA,0.1389251368445323,5,s,5_s
pass_td_rate_allowed,SF,0.34883814704996285,20,m,20_m
pass_td_rate_allowed,TB,0.10747604016076458,12,t,12_t
pass_td_rate_allowed,TEN,0.08338348061160211,5,e,5_e
pass_td_rate_allowed,WAS,0.2463861532426209,20,m,20_m
pass_yards,ARI,0.1182703937142555,14,t,14_t
pass_yards,ATL,0.346344805193524,18,t,18_t
pass_yards,BAL,0.11028688888024761,5,e,5_e
pass_yards,BUF,0.15593891643079252,15,s,15_s
pass_yards,CAR,0.17267548100122612,20,t,20_t
pass_yards,CHI,0.16133107446949796,5,t,5_t
pass_yards,CIN,0.1366254694606771,12,s,12_s
pass_yards,CLE,0.2450413004610348,20,r,20_r
pass_yards,DAL,0.2559560616938146,20,t,20_t
pass_yards,DEN,0.22967810414966686,11,m,11_m
pass_yards,DET,0.12617854719815774,20,m,20_m
pass_yards,GB,0.1518515221176421,5,t,5_t
pass_yards,HOU,0.14391529309250475,14,t,14_t
pass_yards,IND,0.21632076148012477,18,t,18_t
pass_yards,JAX,0.13619825682596504,20,m,20_m
pass_yards,KC,0.11968140346043755,20,m,20_m
pass_yards,LA,0.1780334875999894,12,r,12_r
pass_yards,LAC,0.16933467984545653,5,t,5_t
pass_yards,LV,0.20848004817575302,20,r,20_r
pass_yards,MIA,0.19489481023030847,20,t,20_t
pass_yards,MIN,0.20567193437923917,20,t,20_t
pass_yards,NE,0.2528711257857875,16,s,16_s
pass_yards,NO,0.1122589941968595,5,t,5_t
pass_yards,NYG,0.06762817478969488,5,s,5_s
pass_yards,NYJ,0.23824324236278732,14,t,14_t
pass_yards,PHI,0.33698785988222146,8,e,8_e
pass_yards,PIT,0.2939600033586491,20,m,20_m
pass_yards,SEA,0.07033261764315035,10,s,10_s
pass_yards,SF,0.41010181605300056,20,r,20_r
pass_yards,TB,0.13200198246752026,6,t,6_t
pass_yards,TEN,0.06179194796402929,18,m,18_m
pass_yards,WAS,0.25026290061934675,12,t,12_t
pass_yards_allowed,ARI,0.1405703151553837,6,s,6_s
pass_yards_allowed,ATL,0.2685155718512792,20,r,20_r
pass_yards_allowed,BAL,0.1238734856845161,5,w,5_w
pass_yards_allowed,BUF,0.19692575237177842,20,m,20_m
pass_yards_allowed,CAR,0.11786235680555418,10,s,10_s
pass_yards_allowed,CHI,0.08964278603943708,13,s,13_s
pass_yards_allowed,CIN,0.3009809701575493,5,w,5_w
pass_yards_allowed,CLE,0.16138487428232098,20,m,20_m
pass_yards_allowed,DAL,0.11217239983249089,8,t,8_t
pass_yards_allowed,DEN,0.12711780262783523,7,s,7_s
pass_yards_allowed,DET,0.2176998501700513,6,t,6_t
pass_yards_allowed,GB,0.1190024646451899,5,w,5_w
pass_yards_allowed,HOU,0.21972868758679004,7,s,7_s
pass_yards_allowed,IND,0.15563018308974857,8,s,8_s
pass_yards_allowed,JAX,0.3471366489126718,20,t,20_t
pass_yards_allowed,KC,0.16442723633498757,20,r,20_r
pass_yards_allowed,LA,0.19709235284932752,11,r,11_r
pass_yards_allowed,LAC,0.06554032754517143,18,t,18_t
pass_yards_allowed,LV,0.17846956726540572,20,t,20_t
pass_yards_allowed,MIA,0.2025554139930802,10,s,10_s
pass_yards_allowed,MIN,0.11739963305550381,9,s,9_s
pass_yards_allowed,NE,0.19827392820835735,20,s,20_s
pass_yards_allowed,NO,0.18713471741381235,16,t,16_t
pass_yards_allowed,NYG,0.11911502973209072,5,t,5_t
pass_yards_allowed,NYJ,0.1335014256807236,14,t,14_t
pass_yards_allowed,PHI,0.18937802460364617,5,s,5_s
pass_yards_allowed,PIT,0.1443576487003346,8,s,8_s
pass_yards_allowed,SEA,0.1772002305786022,15,s,15_s
pass_yards_allowed,SF,0.322455467783574,6,s,6_s
pass_yards_allowed,TB,0.2610599342060632,5,s,5_s
pass_yards_allowed,TEN,0.14558407408052984,7,s,7_s
pass_yards_allowed,WAS,0.30903343945442013,12,s,12_s
punt_epa,ARI,0.096954588432326,20,t,20_t
punt_epa,ATL,0.2952503353206599,20,r,20_r
punt_epa,BAL,0.08220273109926787,20,s,20_s
punt_epa,BUF,0.13130080594026114,20,m,20_m
punt_epa,CAR,0.1203490735906404,13,s,13_s
punt_epa,CHI,0.21179892321036464,20,m,20_m
punt_epa,CIN,0.16799755567185418,9,s,9_s
punt_epa,CLE,0.13454856642762913,20,r,20_r
punt_epa,DAL,0.2854908492552688,20,t,20_t
punt_epa,DEN,0.12494416641625476,20,t,20_t
punt_epa,DET,0.1432871130137682,5,s,5_s
punt_epa,GB,0.1144696043931733,6,t,6_t
punt_epa,HOU,0.17907514024806082,18,s,18_s
punt_epa,IND,0.15694884977859302,20,t,20_t
punt_epa,JAX,0.2622254749318761,20,w,20_w
punt_epa,KC,0.21491132057610565,20,m,20_m
punt_epa,LA,0.058340861263741585,5,t,5_t
punt_epa,LAC,0.08689580273965589,5,s,5_s
punt_epa,LV,0.22610689686686003,11,s,11_s
punt_epa,MIA,0.4132167600427258,20,m,20_m
punt_epa,MIN,0.10486349933035988,10,t,10_t
punt_epa,NE,0.15920243082848665,20,m,20_m
punt_epa,NO,0.14460584240995844,10,s,10_s
punt_epa,NYG,0.09540915169369063,16,w,16_w
punt_epa,NYJ,0.2634211847485877,13,s,13_s
punt_epa,PHI,0.08650833315605337,17,s,17_s
punt_epa,PIT,0.14923633374858403,20,m,20_m
punt_epa,SEA,0.11331382171465391,6,s,6_s
punt_epa,SF,0.1623534465028384,11,s,11_s
punt_epa,TB,0.18793782558309208,20,m,20_m
punt_epa,TEN,0.16561623628532435,5,s,5_s
punt_epa,WAS,0.18591484719508175,17,m,17_m
punt_epa_allowed,ARI,0.13299438154580162,6,s,6_s
punt_epa_allowed,ATL,0.19904754587137796,5,t,5_t
punt_epa_allowed,BAL,0.18241571359055506,20,s,20_s
punt_epa_allowed,BUF,0.26028065576814224,18,s,18_s
punt_epa_allowed,CAR,0.2160854811986148,12,s,12_s
punt_epa_allowed,CHI,0.35751288663792574,12,s,12_s
punt_epa_allowed,CIN,0.14017230997037283,19,s,19_s
punt_epa_allowed,CLE,0.19911737317988001,20,m,20_m
punt_epa_allowed,DAL,0.18946301918227712,16,s,16_s
punt_epa_allowed,DEN,0.2449629239614343,5,t,5_t
punt_epa_allowed,DET,0.20760805042266323,9,s,9_s
punt_epa_allowed,GB,0.07400393307277482,9,s,9_s
punt_epa_allowed,HOU,0.09804418463072787,8,s,8_s
punt_epa_allowed,IND,0.14600407954855024,18,m,18_m
punt_epa_allowed,JAX,0.30026580671338376,20,t,20_t
punt_epa_allowed,KC,0.1868416742335201,5,s,5_s
punt_epa_allowed,LA,0.10794556644841959,19,s,19_s
punt_epa_allowed,LAC,0.14442759614908224,14,t,14_t
punt_epa_allowed,LV,0.2360608557609212,12,m,12_m
punt_epa_allowed,MIA,0.26967461023504075,18,t,18_t
punt_epa_allowed,MIN,0.06894789963319464,5,w,5_w
punt_epa_allowed,NE,0.14877494568476077,14,t,14_t
punt_epa_allowed,NO,0.12216816319608516,13,s,13_s
punt_epa_allowed,NYG,0.13721992508465677,5,w,5_w
punt_epa_allowed,NYJ,0.14726008961129,11,s,11_s
punt_epa_allowed,PHI,0.32159538703021906,20,w,20_w
punt_epa_allowed,PIT,0.17176491445262368,5,w,5_w
punt_epa_allowed,SEA,0.1769672606245257,5,s,5_s
punt_epa_allowed,SF,0.37094631265024836,20,m,20_m
punt_epa_allowed,TB,0.22018326293047338,20,m,20_m
punt_epa_allowed,TEN,0.12667125367340779,14,s,14_s
punt_epa_allowed,WAS,0.20962989134056834,6,s,6_s
qb_adj_eloa,ARI,0.23539222484578365,8,t,8_t
qb_adj_eloa,ATL,0.321663519814362,20,m,20_m
qb_adj_eloa,BAL,0.1571959996051226,5,t,5_t
qb_adj_eloa,BUF,0.1761481939882906,20,m,20_m
qb_adj_eloa,CAR,0.12578317300707623,15,s,15_s
qb_adj_eloa,CHI,0.20643821393883757,20,t,20_t
qb_adj_eloa,CIN,0.22811161332611704,14,s,14_s
qb_adj_eloa,CLE,0.234627889904309,16,t,16_t
qb_adj_eloa,DAL,0.22993005437534056,10,t,10_t
qb_adj_eloa,DEN,0.12686466136584795,18,t,18_t
qb_adj_eloa,DET,0.1266942092323672,20,m,20_m
qb_adj_eloa,GB,0.10046629004459733,13,s,13_s
qb_adj_eloa,HOU,0.08919782116144004,7,s,7_s
qb_adj_eloa,IND,0.09359518807697392,5,t,5_t
qb_adj_eloa,JAX,0.2910170718391095,11,s,11_s
qb_adj_eloa,KC,0.25548002929349806,20,s,20_s
qb_adj_eloa,LA,0.17054370241171207,12,r,12_r
qb_adj_eloa,LAC,0.09530641197645992,6,t,6_t
qb_adj_eloa,LV,0.23473030536438214,20,s,20_s
qb_adj_eloa,MIA,0.14220789761473762,5,e,5_e
qb_adj_eloa,MIN,0.15970483618597422,20,t,20_t
qb_adj_eloa,NE,0.18278492471951202,5,t,5_t
qb_adj_eloa,NO,0.19939163501890828,5,t,5_t
qb_adj_eloa,NYG,0.10617841900613684,9,s,9_s
qb_adj_eloa,NYJ,0.16926019234739734,5,e,5_e
qb_adj_eloa,PHI,0.2912833253455142,6,s,6_s
qb_adj_eloa,PIT,0.1894680414643051,20,m,20_m
qb_adj_eloa,SEA,0.18274557526496776,5,s,5_s
qb_adj_eloa,SF,0.3151976319847537,20,m,20_m
qb_adj_eloa,TB,0.15736959523832691,20,m,20_m
qb_adj_eloa,TEN,0.2200537793115141,17,s,17_s
qb_adj_eloa,WAS,0.2372054121173355,20,m,20_m
qb_eloa,ARI,0.38070724903936654,20,t,20_t
qb_eloa,ATL,0.3141289666438678,20,t,20_t
qb_eloa,BAL,0.18566824149878253,5,t,5_t
qb_eloa,BUF,0.33904731135474797,20,s,20_s
qb_eloa,CAR,0.08930234846029413,9,s,9_s
qb_eloa,CHI,0.22864160167183664,12,m,12_m
qb_eloa,CIN,0.30582816121387774,20,t,20_t
qb_eloa,CLE,0.24045242743392675,20,m,20_m
qb_eloa,DAL,0.1343810133485259,8,s,8_s
qb_eloa,DEN,0.1909792135061595,6,t,6_t
qb_eloa,DET,0.09853039095898941,5,t,5_t
qb_eloa,GB,0.14494489250392664,14,t,14_t
qb_eloa,HOU,0.24177509992122445,18,t,18_t
qb_eloa,IND,0.17331855847967556,6,t,6_t
qb_eloa,JAX,0.13411422315619034,14,t,14_t
qb_eloa,KC,0.21193918689757668,20,r,20_r
qb_eloa,LA,0.2028542738365242,6,s,6_s
qb_eloa,LAC,0.07482065145235763,7,s,7_s
qb_eloa,LV,0.2246770618121569,20,t,20_t
qb_eloa,MIA,0.1938669888100848,9,s,9_s
qb_eloa,MIN,0.13909676742201083,5,t,5_t
qb_eloa,NE,0.1520140750745032,20,r,20_r
qb_eloa,NO,0.11162882861149062,8,s,8_s
qb_eloa,NYG,0.08056985384353084,12,t,12_t
qb_eloa,NYJ,0.15337798921580517,20,t,20_t
qb_eloa,PHI,0.2196326004722628,7,s,7_s
qb_eloa,PIT,0.19156417955637933,20,m,20_m
qb_eloa,SEA,0.0668276277033147,5,e,5_e
qb_eloa,SF,0.3123760545067703,20,m,20_m
qb_eloa,TB,0.20719240131675748,20,m,20_m
qb_eloa,TEN,0.06997704184265859,14,s,14_s
qb_eloa,WAS,0.19949671213787917,12,t,12_t
qb_hit_rate,ARI,0.2942546266480085,16,t,16_t
qb_hit_rate,ATL,0.317685631171568,20,m,20_m
qb_hit_rate,BAL,0.18517933432391415,14,m,14_m
qb_hit_rate,BUF,0.26959036319197044,20,s,20_s
qb_hit_rate,CAR,0.18399688225240318,5,s,5_s
qb_hit_rate,CHI,0.23503927934114213,10,s,10_s
qb_hit_rate,CIN,0.3417313893954259,18,s,18_s
qb_hit_rate,CLE,0.2912258647810995,5,t,5_t
qb_hit_rate,DAL,0.0945954904879157,18,m,18_m
qb_hit_rate,DEN,0.14879034430051677,13,s,13_s
qb_hit_rate,DET,0.13210077627248623,20,t,20_t
qb_hit_rate,GB,0.2234461350849747,9,s,9_s
qb_hit_rate,HOU,0.2834827617743613,20,t,20_t
qb_hit_rate,IND,0.1614033741344753,17,s,17_s
qb_hit_rate,JAX,0.16236030596843307,12,s,12_s
qb_hit_rate,KC,0.11886154862512877,6,t,6_t
qb_hit_rate,LA,0.17246833517510382,5,t,5_t
qb_hit_rate,LAC,0.15136173297871566,10,t,10_t
qb_hit_rate,LV,0.22895189039129107,9,s,9_s
qb_hit_rate,MIA,0.27751293406137434,5,t,5_t
qb_hit_rate,MIN,0.14644937495628454,5,t,5_t
qb_hit_rate,NE,0.13056425466373608,5,t,5_t
qb_hit_rate,NO,0.16488683059587037,15,s,15_s
qb_hit_rate,NYG,0.1175420700987318,5,s,5_s
qb_hit_rate,NYJ,0.07763929478422386,20,t,20_t
qb_hit_rate,PHI,0.10191577509802244,20,t,20_t
qb_hit_rate,PIT,0.15072656559601347,20,m,20_m
qb_hit_rate,SEA,0.177408666700329,6,s,6_s
qb_hit_rate,SF,0.3912792399462573,20,m,20_m
qb_hit_rate,TB,0.1976938163091234,8,s,8_s
qb_hit_rate,TEN,0.1619210269618063,6,w,6_w
qb_hit_rate,WAS,0.1812634839738656,18,r,18_r
qb_hit_rate_allowed,ARI,0.2575930578203676,20,s,20_s
qb_hit_rate_allowed,ATL,0.30978593959430084,20,m,20_m
qb_hit_rate_allowed,BAL,0.1418487571560618,16,s,16_s
qb_hit_rate_allowed,BUF,0.13371838315390788,20,t,20_t
qb_hit_rate_allowed,CAR,0.08347675117496761,20,m,20_m
qb_hit_rate_allowed,CHI,0.2209736125736145,20,t,20_t
qb_hit_rate_allowed,CIN,0.15071586528474842,9,s,9_s
qb_hit_rate_allowed,CLE,0.2547293279831735,20,m,20_m
qb_hit_rate_allowed,DAL,0.08523152280186856,16,r,16_r
qb_hit_rate_allowed,DEN,0.11020451097055228,13,s,13_s
qb_hit_rate_allowed,DET,0.2502822224323268,5,e,5_e
qb_hit_rate_allowed,GB,0.19260775784993717,10,t,10_t
qb_hit_rate_allowed,HOU,0.09123548374240724,5,t,5_t
qb_hit_rate_allowed,IND,0.29902407015295895,19,s,19_s
qb_hit_rate_allowed,JAX,0.26811088349607337,20,r,20_r
qb_hit_rate_allowed,KC,0.21999149202664323,8,t,8_t
qb_hit_rate_allowed,LA,0.16777930462015034,18,m,18_m
qb_hit_rate_allowed,LAC,0.190726913499344,20,t,20_t
qb_hit_rate_allowed,LV,0.12079352618734283,20,m,20_m
qb_hit_rate_allowed,MIA,0.13337390798759166,20,t,20_t
qb_hit_rate_allowed,MIN,0.08078276620153778,16,r,16_r
qb_hit_rate_allowed,NE,0.1379372395935838,20,m,20_m
qb_hit_rate_allowed,NO,0.10786007744397388,8,t,8_t
qb_hit_rate_allowed,NYG,0.08164977962418195,20,s,20_s
qb_hit_rate_allowed,NYJ,0.09111986822506615,13,s,13_s
qb_hit_rate_allowed,PHI,0.3196428170272976,20,t,20_t
qb_hit_rate_allowed,PIT,0.19585778183463912,5,w,5_w
qb_hit_rate_allowed,SEA,0.06808086199032827,5,s,5_s
qb_hit_rate_allowed,SF,0.2927792245196921,20,m,20_m
qb_hit_rate_allowed,TB,0.21412670660746336,20,r,20_r
qb_hit_rate_allowed,TEN,0.08110164160281012,11,s,11_s
qb_hit_rate_allowed,WAS,0.20292394044443146,13,s,13_s
quality_adj_eloa,ARI,0.21870559153821045,8,t,8_t
quality_adj_eloa,ATL,0.27905829816060684,20,m,20_m
quality_adj_eloa,BAL,0.15947721327369122,5,t,5_t
quality_adj_eloa,BUF,0.20879402700274938,18,s,18_s
quality_adj_eloa,CAR,0.11959410568504407,15,s,15_s
quality_adj_eloa,CHI,0.2296882261786531,20,t,20_t
quality_adj_eloa,CIN,0.28499058742986283,20,m,20_m
quality_adj_eloa,CLE,0.23778635909171866,16,t,16_t
quality_adj_eloa,DAL,0.15985505382257104,15,s,15_s
quality_adj_eloa,DEN,0.16882620723089195,18,t,18_t
quality_adj_eloa,DET,0.125068707838248,5,t,5_t
quality_adj_eloa,GB,0.11014760169046617,15,r,15_r
quality_adj_eloa,HOU,0.12285395285244897,20,m,20_m
quality_adj_eloa,IND,0.07766836242139813,15,s,15_s
quality_adj_eloa,JAX,0.2890339819798678,11,s,11_s
quality_adj_eloa,KC,0.17931282373226326,20,t,20_t
quality_adj_eloa,LA,0.15992049640006614,15,m,15_m
quality_adj_eloa,LAC,0.11509035017614352,6,t,6_t
quality_adj_eloa,LV,0.23419768789838014,20,s,20_s
quality_adj_eloa,MIA,0.12240794046707854,5,e,5_e
quality_adj_eloa,MIN,0.19911518795770536,20,t,20_t
quality_adj_eloa,NE,0.2016097187399491,5,t,5_t
quality_adj_eloa,NO,0.22271529878436108,5,t,5_t
quality_adj_eloa,NYG,0.09711125251691698,16,s,16_s
quality_adj_eloa,NYJ,0.16977179667513162,20,t,20_t
quality_adj_eloa,PHI,0.3041060202876797,6,s,6_s
quality_adj_eloa,PIT,0.1561528375986267,20,m,20_m
quality_adj_eloa,SEA,0.17339671776822946,5,s,5_s
quality_adj_eloa,SF,0.3224254855054819,20,w,20_w
quality_adj_eloa,TB,0.1412976212082015,20,m,20_m
quality_adj_eloa,TEN,0.2772449238352357,17,s,17_s
quality_adj_eloa,WAS,0.2188635034309498,20,r,20_r
quality_adj_qb_adj_eloa,ARI,0.1939834155372053,8,t,8_t
quality_adj_qb_adj_eloa,ATL,0.2840674104958133,20,m,20_m
quality_adj_qb_adj_eloa,BAL,0.1654320460796317,5,t,5_t
quality_adj_qb_adj_eloa,BUF,0.1825716883139078,20,m,20_m
quality_adj_qb_adj_eloa,CAR,0.10979221896249096,15,s,15_s
quality_adj_qb_adj_eloa,CHI,0.21222114046518786,20,t,20_t
quality_adj_qb_adj_eloa,CIN,0.2708035021921651,19,r,19_r
quality_adj_qb_adj_eloa,CLE,0.2318034522855868,16,t,16_t
quality_adj_qb_adj_eloa,DAL,0.20055729452178991,14,t,14_t
quality_adj_qb_adj_eloa,DEN,0.14819161342109696,16,t,16_t
quality_adj_qb_adj_eloa,DET,0.1582881465830112,6,t,6_t
quality_adj_qb_adj_eloa,GB,0.10046157785147102,13,s,13_s
quality_adj_qb_adj_eloa,HOU,0.09578119334916459,20,m,20_m
quality_adj_qb_adj_eloa,IND,0.08233067631477109,5,t,5_t
quality_adj_qb_adj_eloa,JAX,0.2550149858664865,11,s,11_s
quality_adj_qb_adj_eloa,KC,0.2507845418670029,20,s,20_s
quality_adj_qb_adj_eloa,LA,0.15958311957078147,14,m,14_m
quality_adj_qb_adj_eloa,LAC,0.09348115963466533,6,t,6_t
quality_adj_qb_adj_eloa,LV,0.23020715683020607,18,m,18_m
quality_adj_qb_adj_eloa,MIA,0.13567500363069018,5,e,5_e
quality_adj_qb_adj_eloa,MIN,0.18513118391098948,20,t,20_t
quality_adj_qb_adj_eloa,NE,0.1895943139284007,5,t,5_t
quality_adj_qb_adj_eloa,NO,0.2114568295061493,5,t,5_t
quality_adj_qb_adj_eloa,NYG,0.07804419189163087,16,s,16_s
quality_adj_qb_adj_eloa,NYJ,0.16385600725940402,18,t,18_t
quality_adj_qb_adj_eloa,PHI,0.27949453061530993,6,s,6_s
quality_adj_qb_adj_eloa,PIT,0.16474345410381042,20,m,20_m
quality_adj_qb_adj_eloa,SEA,0.14897815638843598,5,s,5_s
quality_adj_qb_adj_eloa,SF,0.32003635481867776,20,m,20_m
quality_adj_qb_adj_eloa,TB,0.14743139900029562,20,m,20_m
quality_adj_qb_adj_eloa,TEN,0.22008816574723755,17,s,17_s
quality_adj_qb_adj_eloa,WAS,0.22964322226541764,20,m,20_m
quality_adj_qb_eloa,ARI,0.33746139678125364,20,t,20_t
quality_adj_qb_eloa,ATL,0.302362480571045,20,t,20_t
quality_adj_qb_eloa,BAL,0.1812574101841665,5,t,5_t
quality_adj_qb_eloa,BUF,0.3562789819987941,20,s,20_s
quality_adj_qb_eloa,CAR,0.10185477534773203,10,s,10_s
quality_adj_qb_eloa,CHI,0.22483970058054759,12,m,12_m
quality_adj_qb_eloa,CIN,0.2292047168843608,20,t,20_t
quality_adj_qb_eloa,CLE,0.24902361471408033,20,m,20_m
quality_adj_qb_eloa,DAL,0.0813365640526293,8,s,8_s
quality_adj_qb_eloa,DEN,0.2063355434402046,6,s,6_s
quality_adj_qb_eloa,DET,0.18865140091663585,5,t,5_t
quality_adj_qb_eloa,GB,0.16487858954744772,14,t,14_t
quality_adj_qb_eloa,HOU,0.15405389189522803,20,t,20_t
quality_adj_qb_eloa,IND,0.1831676587346768,6,t,6_t
quality_adj_qb_eloa,JAX,0.14432283558381093,5,w,5_w
quality_adj_qb_eloa,KC,0.20904988313466463,20,r,20_r
quality_adj_qb_eloa,LA,0.20971368617721467,14,r,14_r
quality_adj_qb_eloa,LAC,0.06884365937918534,5,s,5_s
quality_adj_qb_eloa,LV,0.18956245685819517,20,t,20_t
quality_adj_qb_eloa,MIA,0.1791961019542764,9,s,9_s
quality_adj_qb_eloa,MIN,0.1412839506517643,5,t,5_t
quality_adj_qb_eloa,NE,0.1597316422727815,12,t,12_t
quality_adj_qb_eloa,NO,0.13885369906768172,8,s,8_s
quality_adj_qb_eloa,NYG,0.16933632371009696,5,t,5_t
quality_adj_qb_eloa,NYJ,0.16751033854515643,6,t,6_t
quality_adj_qb_eloa,PHI,0.21064510093722322,7,s,7_s
quality_adj_qb_eloa,PIT,0.20682970617121765,20,m,20_m
quality_adj_qb_eloa,SEA,0.05284744074941752,17,s,17_s
quality_adj_qb_eloa,SF,0.3494310580729995,20,m,20_m
quality_adj_qb_eloa,TB,0.20945597865230373,20,m,20_m
quality_adj_qb_eloa,TEN,0.09079579726546497,16,s,16_s
quality_adj_qb_eloa,WAS,0.2075674352160858,16,s,16_s
res,ARI,0.319275498448629,6,t,6_t
res,ATL,0.2564782290133,15,s,15_s
res,BAL,0.11317855211156988,5,t,5_t
res,BUF,0.34469905593627576,8,s,8_s
res,CAR,0.06740653877302874,14,t,14_t
res,CHI,0.20774636548829192,10,t,10_t
res,CIN,0.2520267534740681,14,s,14_s
res,CLE,0.20751027354594012,16,t,16_t
res,DAL,0.12316949599391498,7,s,7_s
res,DEN,0.10071149560052502,7,s,7_s
res,DET,0.15906242740566232,5,t,5_t
res,GB,0.08981810734709164,12,t,12_t
res,HOU,0.16005429445134317,7,s,7_s
res,IND,0.1033483427262456,7,s,7_s
res,JAX,0.2931514570522345,7,s,7_s
res,KC,0.19064229037021782,5,t,5_t
res,LA,0.14311673900663863,8,t,8_t
res,LAC,0.11122825536119695,5,t,5_t
res,LV,0.1274347289484442,15,s,15_s
res,MIA,0.1519168985838902,5,e,5_e
res,MIN,0.08369842524872168,8,s,8_s
res,NE,0.15557329483708038,5,t,5_t
res,NO,0.11661859467755624,14,t,14_t
res,NYG,0.11014910917485049,9,s,9_s
res,NYJ,0.07139102281294776,6,w,6_w
res,PHI,0.22201852903314373,7,s,7_s
res,PIT,0.19773642779254197,20,m,20_m
res,SEA,0.3060681379821267,8,s,8_s
res,SF,0.33621934594563013,20,m,20_m
res,TB,0.18535640883623206,19,s,19_s
res,TEN,0.1865824698066362,8,w,8_w
res,WAS,0.23864485110458017,20,m,20_m
rush_epa,ARI,0.3653586454229891,20,t,20_t
rush_epa,ATL,0.28172305571889783,18,s,18_s
rush_epa,BAL,0.1729477790526144,10,t,10_t
rush_epa,BUF,0.2683869589677459,7,s,7_s
rush_epa,CAR,0.26053741183853074,5,w,5_w
rush_epa,CHI,0.08167215586341005,12,s,12_s
rush_epa,CIN,0.20010726704115844,14,s,14_s
rush_epa,CLE,0.21327392156059757,20,m,20_m
rush_epa,DAL,0.15182685857117145,5,e,5_e
rush_epa,DEN,0.22729739081676217,18,t,18_t
rush_epa,DET,0.10568686952526153,5,w,5_w
rush_epa,GB,0.12889248336370263,18,t,18_t
rush_epa,HOU,0.23169019911597977,20,s,20_s
rush_epa,IND,0.06617581113729525,20,m,20_m
rush_epa,JAX,0.1766865158239391,5,w,5_w
rush_epa,KC,0.12631074457978483,5,e,5_e
rush_epa,LA,0.21865546728365312,7,s,7_s
rush_epa,LAC,0.09486361330377474,13,s,13_s
rush_epa,LV,0.1451018805646904,20,m,20_m
rush_epa,MIA,0.150612935084994,20,s,20_s
rush_epa,MIN,0.14233503601203873,18,t,18_t
rush_epa,NE,0.15844093762389036,20,m,20_m
rush_epa,NO,0.11418941083450995,18,s,18_s
rush_epa,NYG,0.10550560429718102,20,s,20_s
rush_epa,NYJ,0.1846834434551404,11,s,11_s
rush_epa,PHI,0.142925548958513,7,s,7_s
rush_epa,PIT,0.1833497309048592,20,m,20_m
rush_epa,SEA,0.20308956635582334,6,s,6_s
rush_epa,SF,0.22995097031544107,18,s,18_s
rush_epa,TB,0.2895617339780409,6,s,6_s
rush_epa,TEN,0.0937115766091781,16,t,16_t
rush_epa,WAS,0.1485008744854304,7,s,7_s
rush_epa_allowed,ARI,0.10603333447172648,20,s,20_s
rush_epa_allowed,ATL,0.23812298575177465,20,m,20_m
rush_epa_allowed,BAL,0.1539353558988096,19,s,19_s
rush_epa_allowed,BUF,0.13413457643049745,18,t,18_t
rush_epa_allowed,CAR,0.15833747053215255,5,s,5_s
rush_epa_allowed,CHI,0.16288527592070853,6,t,6_t
rush_epa_allowed,CIN,0.2682210906448298,13,s,13_s
rush_epa_allowed,CLE,0.16877911827400058,18,s,18_s
rush_epa_allowed,DAL,0.12616669538788203,6,s,6_s
rush_epa_allowed,DEN,0.30448342971784115,7,s,7_s
rush_epa_allowed,DET,0.06241180879086795,17,s,17_s
rush_epa_allowed,GB,0.15789401304450168,12,s,12_s
rush_epa_allowed,HOU,0.2067565424911662,14,r,14_r
rush_epa_allowed,IND,0.1308446510448415,20,m,20_m
rush_epa_allowed,JAX,0.358462741927605,19,s,19_s
rush_epa_allowed,KC,0.22135289462021643,20,m,20_m
rush_epa_allowed,LA,0.16647520289955064,7,s,7_s
rush_epa_allowed,LAC,0.1704774570179543,12,s,12_s
rush_epa_allowed,LV,0.19687946040862594,20,t,20_t
rush_epa_allowed,MIA,0.07052453612067666,16,t,16_t
rush_epa_allowed,MIN,0.09793691005591813,10,s,10_s
rush_epa_allowed,NE,0.19840912041496367,5,s,5_s
rush_epa_allowed,NO,0.09626814064781238,9,s,9_s
rush_epa_allowed,NYG,0.10323114900594764,20,m,20_m
rush_epa_allowed,NYJ,0.21451848604729537,20,t,20_t
rush_epa_allowed,PHI,0.14812938911133652,17,w,17_w
rush_epa_allowed,PIT,0.3223320186548488,20,m,20_m
rush_epa_allowed,SEA,0.20068921367296247,6,t,6_t
rush_epa_allowed,SF,0.3097641004664729,20,w,20_w
rush_epa_allowed,TB,0.1429760391332724,20,m,20_m
rush_epa_allowed,TEN,0.15163501282969313,8,s,8_s
rush_epa_allowed,WAS,0.19760121397748198,20,r,20_r
rush_td_rate,ARI,0.32116829242272116,16,s,16_s
rush_td_rate,ATL,0.28509357560828125,19,s,19_s
rush_td_rate,BAL,0.15694586989121811,8,t,8_t
rush_td_rate,BUF,0.15972480201838132,20,m,20_m
rush_td_rate,CAR,0.2803839489603663,9,s,9_s
rush_td_rate,CHI,0.06665270419811876,18,s,18_s
rush_td_rate,CIN,0.0849364161781715,20,s,20_s
rush_td_rate,CLE,0.23209949401504673,20,r,20_r
rush_td_rate,DAL,0.1372684609719059,5,w,5_w
rush_td_rate,DEN,0.19521739293406196,18,t,18_t
rush_td_rate,DET,0.22996570650859346,5,t,5_t
rush_td_rate,GB,0.12111351406988252,10,t,10_t
rush_td_rate,HOU,0.0878427434719838,8,s,8_s
rush_td_rate,IND,0.06501550519627375,20,t,20_t
rush_td_rate,JAX,0.23858302396550307,20,m,20_m
rush_td_rate,KC,0.21681090354716806,20,r,20_r
rush_td_rate,LA,0.19171141763826263,18,s,18_s
rush_td_rate,LAC,0.18619085009053232,14,s,14_s
rush_td_rate,LV,0.15274507264295864,18,r,18_r
rush_td_rate,MIA,0.1534106629924576,20,w,20_w
rush_td_rate,MIN,0.1496310402166249,20,s,20_s
rush_td_rate,NE,0.10006297790073009,14,t,14_t
rush_td_rate,NO,0.14368084625606603,16,s,16_s
rush_td_rate,NYG,0.0848594843004538,12,s,12_s
rush_td_rate,NYJ,0.1240914960428162,17,s,17_s
rush_td_rate,PHI,0.14051968685807176,16,t,16_t
rush_td_rate,PIT,0.14104292096814303,20,m,20_m
rush_td_rate,SEA,0.07847724509587889,20,m,20_m
rush_td_rate,SF,0.3609196797438546,20,m,20_m
rush_td_rate,TB,0.3024628118493715,6,s,6_s
rush_td_rate,TEN,0.11834666987088222,5,w,5_w
rush_td_rate,WAS,0.19526158923609502,18,m,18_m
rush_td_rate_allowed,ARI,0.15714987924184814,5,t,5_t
rush_td_rate_allowed,ATL,0.30500422477559125,20,m,20_m
rush_td_rate_allowed,BAL,0.23833617374952357,10,s,10_s
rush_td_rate_allowed,BUF,0.22631701343045607,7,w,7_w
rush_td_rate_allowed,CAR,0.0934847637055743,10,t,10_t
rush_td_rate_allowed,CHI,0.2382723797118018,8,t,8_t
rush_td_rate_allowed,CIN,0.12181310685264797,13,s,13_s
rush_td_rate_allowed,CLE,0.2748036354592032,20,m,20_m
rush_td_rate_allowed,DAL,0.16462278428494498,10,m,10_m
rush_td_rate_allowed,DEN,0.3461212321451688,19,s,19_s
rush_td_rate_allowed,DET,0.16158557358108666,8,t,8_t
rush_td_rate_allowed,GB,0.22018405010565567,16,t,16_t
rush_td_rate_allowed,HOU,0.2386125556917885,14,e,14_e
rush_td_rate_allowed,IND,0.1696938295347524,8,t,8_t
rush_td_rate_allowed,JAX,0.24666959500693436,20,m,20_m
rush_td_rate_allowed,KC,0.22393161804464617,15,m,15_m
rush_td_rate_allowed,LA,0.20036994370621378,9,w,9_w
rush_td_rate_allowed,LAC,0.19116967207448335,6,t,6_t
rush_td_rate_allowed,LV,0.210341208898202,7,s,7_s
rush_td_rate_allowed,MIA,0.15275866633009738,6,t,6_t
rush_td_rate_allowed,MIN,0.07494815153044238,6,s,6_s
rush_td_rate_allowed,NE,0.13012896524873022,20,m,20_m
rush_td_rate_allowed,NO,0.13350741559853457,8,t,8_t
rush_td_rate_allowed,NYG,0.21374616656667794,9,s,9_s
rush_td_rate_allowed,NYJ,0.11838874836267001,18,s,18_s
rush_td_rate_allowed,PHI,0.15264163430773142,7,s,7_s
rush_td_rate_allowed,PIT,0.14496457637954369,18,t,18_t
rush_td_rate_allowed,SEA,0.18168881502824855,7,e,7_e
rush_td_rate_allowed,SF,0.3318169736973854,20,m,20_m
rush_td_rate_allowed,TB,0.16311895498498208,20,m,20_m
rush_td_rate_allowed,TEN,0.22968878403719492,5,t,5_t
rush_td_rate_allowed,WAS,0.29502007657646706,14,t,14_t
rush_wpa,ARI,0.4057021495236777,20,t,20_t
rush_wpa,ATL,0.334817822232003,20,m,20_m
rush_wpa,BAL,0.17327308341951403,10,t,10_t
rush_wpa,BUF,0.14420665099428068,8,s,8_s
rush_wpa,CAR,0.16113429998906886,5,t,5_t
rush_wpa,CHI,0.11269317020296687,17,r,17_r
rush_wpa,CIN,0.22905554462131364,19,s,19_s
rush_wpa,CLE,0.22990455837222618,16,t,16_t
rush_wpa,DAL,0.23389927387131504,5,e,5_e
rush_wpa,DEN,0.22783423161098773,18,t,18_t
rush_wpa,DET,0.15729815305959025,5,e,5_e
rush_wpa,GB,0.1378411706000697,5,t,5_t
rush_wpa,HOU,0.1889897221185988,15,s,15_s
rush_wpa,IND,0.09276979843778752,20,m,20_m
rush_wpa,JAX,0.15482811542096078,5,w,5_w
rush_wpa,KC,0.26797119947202974,20,t,20_t
rush_wpa,LA,0.19664161117606546,7,s,7_s
rush_wpa,LAC,0.13599233540782804,20,m,20_m
rush_wpa,LV,0.17558192171427883,20,r,20_r
rush_wpa,MIA,0.15524907658734777,20,s,20_s
rush_wpa,MIN,0.1258029241237776,5,w,5_w
rush_wpa,NE,0.15497120716131355,5,s,5_s
rush_wpa,NO,0.07123908061952855,20,t,20_t
rush_wpa,NYG,0.1304157640595194,13,s,13_s
rush_wpa,NYJ,0.20543527668256684,11,s,11_s
rush_wpa,PHI,0.1722463324120698,7,s,7_s
rush_wpa,PIT,0.18037535635905286,20,m,20_m
rush_wpa,SEA,0.14388227781592491,6,s,6_s
rush_wpa,SF,0.2845857428824047,18,s,18_s
rush_wpa,TB,0.18633965474635444,6,s,6_s
rush_wpa,TEN,0.09741651868510702,7,s,7_s
rush_wpa,WAS,0.13617098910890635,20,m,20_m
rush_wpa_allowed,ARI,0.1869915694741323,20,t,20_t
rush_wpa_allowed,ATL,0.23203151292063967,12,t,12_t
rush_wpa_allowed,BAL,0.17659511967378078,19,s,19_s
rush_wpa_allowed,BUF,0.18274200564687534,20,t,20_t
rush_wpa_allowed,CAR,0.1384645684739246,5,s,5_s
rush_wpa_allowed,CHI,0.2239797549822281,7,s,7_s
rush_wpa_allowed,CIN,0.18027059136464202,9,s,9_s
rush_wpa_allowed,CLE,0.2126268470462108,20,s,20_s
rush_wpa_allowed,DAL,0.11074025342121684,20,m,20_m
rush_wpa_allowed,DEN,0.2588556974518873,6,t,6_t
rush_wpa_allowed,DET,0.10423282180172726,15,s,15_s
rush_wpa_allowed,GB,0.06658802519326316,8,s,8_s
rush_wpa_allowed,HOU,0.19769336464290738,20,s,20_s
rush_wpa_allowed,IND,0.12047874720719497,20,m,20_m
rush_wpa_allowed,JAX,0.30679246383038217,20,s,20_s
rush_wpa_allowed,KC,0.11350805134718146,10,t,10_t
rush_wpa_allowed,LA,0.12643907685408434,9,w,9_w
rush_wpa_allowed,LAC,0.216281185551674,12,s,12_s
rush_wpa_allowed,LV,0.09958103363565944,12,t,12_t
rush_wpa_allowed,MIA,0.062182102560246116,12,t,12_t
rush_wpa_allowed,MIN,0.110290649917178,8,s,8_s
rush_wpa_allowed,NE,0.195400264824761,5,s,5_s
rush_wpa_allowed,NO,0.10808378645146688,9,s,9_s
rush_wpa_allowed,NYG,0.08704254840088445,20,m,20_m
rush_wpa_allowed,NYJ,0.1599754413544705,5,w,5_w
rush_wpa_allowed,PHI,0.13104490658566414,8,s,8_s
rush_wpa_allowed,PIT,0.30035902537992004,20,m,20_m
rush_wpa_allowed,SEA,0.1654688208857964,7,w,7_w
rush_wpa_allowed,SF,0.33007836818290553,14,w,14_w
rush_wpa_allowed,TB,0.1715379437528471,20,m,20_m
rush_wpa_allowed,TEN,0.07042882985389283,8,s,8_s
rush_wpa_allowed,WAS,0.24583497506896565,20,m,20_m
rush_yards,ARI,0.37373676757515406,20,t,20_t
rush_yards,ATL,0.2551782995870821,20,m,20_m
rush_yards,BAL,0.18718768288346352,12,t,12_t
rush_yards,BUF,0.23519085320991512,7,s,7_s
rush_yards,CAR,0.1459670699267245,20,s,20_s
rush_yards,CHI,0.21414083614911866,18,t,18_t
rush_yards,CIN,0.13870242501383395,8,t,8_t
rush_yards,CLE,0.2001340866316979,20,m,20_m
rush_yards,DAL,0.1649599444243945,5,w,5_w
rush_yards,DEN,0.185916195669958,18,t,18_t
rush_yards,DET,0.10130366076759091,20,r,20_r
rush_yards,GB,0.14039001377368088,18,t,18_t
rush_yards,HOU,0.23310311323650718,20,s,20_s
rush_yards,IND,0.1411312780344489,5,e,5_e
rush_yards,JAX,0.145556049827982,5,w,5_w
rush_yards,KC,0.22697592410425277,14,t,14_t
rush_yards,LA,0.25081034679599157,11,s,11_s
rush_yards,LAC,0.22289618286819035,5,t,5_t
rush_yards,LV,0.15451184914928442,20,t,20_t
rush_yards,MIA,0.3348642691605945,20,s,20_s
rush_yards,MIN,0.14715431170294424,9,s,9_s
rush_yards,NE,0.13375488463350738,20,r,20_r
rush_yards,NO,0.12845954965153372,20,s,20_s
rush_yards,NYG,0.07878964937006536,5,t,5_t
rush_yards,NYJ,0.20818490573072987,16,t,16_t
rush_yards,PHI,0.07872434263998289,20,r,20_r
rush_yards,PIT,0.2767187038833602,20,m,20_m
rush_yards,SEA,0.1795869693103498,6,s,6_s
rush_yards,SF,0.2810888457170097,18,s,18_s
rush_yards,TB,0.2653770195266839,6,s,6_s
rush_yards,TEN,0.06917395240680399,17,s,17_s
rush_yards,WAS,0.16944174890525399,20,r,20_r
rush_yards_allowed,ARI,0.1913256295868336,5,e,5_e
rush_yards_allowed,ATL,0.2018342370309707,5,s,5_s
rush_yards_allowed,BAL,0.09634844406754557,5,r,5_r
rush_yards_allowed,BUF,0.16949138610623604,20,r,20_r
rush_yards_allowed,CAR,0.10256880379052985,5,s,5_s
rush_yards_allowed,CHI,0.23287116578166375,6,t,6_t
rush_yards_allowed,CIN,0.19422729814519735,5,s,5_s
rush_yards_allowed,CLE,0.1173310115411556,19,s,19_s
rush_yards_allowed,DAL,0.24984664364901707,20,t,20_t
rush_yards_allowed,DEN,0.2654612652170676,18,e,18_e
rush_yards_allowed,DET,0.20294875285163405,18,t,18_t
rush_yards_allowed,GB,0.09354781120905635,8,s,8_s
rush_yards_allowed,HOU,0.2988080653703619,7,s,7_s
rush_yards_allowed,IND,0.2083975079087587,20,t,20_t
rush_yards_allowed,JAX,0.3193398454837818,20,s,20_s
rush_yards_allowed,KC,0.15493259802855816,20,r,20_r
rush_yards_allowed,LA,0.1257553947202896,7,s,7_s
rush_yards_allowed,LAC,0.16258849304258507,20,t,20_t
rush_yards_allowed,LV,0.22316666395863224,20,t,20_t
rush_yards_allowed,MIA,0.22040828991871522,16,t,16_t
rush_yards_allowed,MIN,0.18594122142072148,10,s,10_s
rush_yards_allowed,NE,0.19128600125769915,5,s,5_s
rush_yards_allowed,NO,0.0635965872756463,14,t,14_t
rush_yards_allowed,NYG,0.11949600030109445,6,t,6_t
rush_yards_allowed,NYJ,0.27544831815331,5,t,5_t
rush_yards_allowed,PHI,0.09330057998603289,8,t,8_t
rush_yards_allowed,PIT,0.3653394681964583,16,m,16_m
rush_yards_allowed,SEA,0.15528266881930397,6,t,6_t
rush_yards_allowed,SF,0.30623051665050105,20,s,20_s
rush_yards_allowed,TB,0.17582930793529522,19,s,19_s
rush_yards_allowed,TEN,0.08215389534209286,17,s,17_s
rush_yards_allowed,WAS,0.10653332931993753,20,r,20_r
sack_rate,ARI,0.13676668663230207,15,s,15_s
sack_rate,ATL,0.12847740209876046,20,r,20_r
sack_rate,BAL,0.16347744500868924,19,m,19_m
sack_rate,BUF,0.3946728901350923,20,s,20_s
sack_rate,CAR,0.1948260687351763,16,s,16_s
sack_rate,CHI,0.1130511477004355,5,s,5_s
sack_rate,CIN,0.2229242124109572,6,w,6_w
sack_rate,CLE,0.2129818748593578,14,m,14_m
sack_rate,DAL,0.13465886860949788,5,e,5_e
sack_rate,DEN,0.18652826100596642,19,s,19_s
sack_rate,DET,0.12989594905210236,20,m,20_m
sack_rate,GB,0.26190520245701404,12,s,12_s
sack_rate,HOU,0.16817246086678372,12,s,12_s
sack_rate,IND,0.266541428281095,5,t,5_t
sack_rate,JAX,0.20329423517330988,20,t,20_t
sack_rate,KC,0.21282886526096295,8,t,8_t
sack_rate,LA,0.1970517945879139,6,t,6_t
sack_rate,LAC,0.25739412311263754,17,s,17_s
sack_rate,LV,0.1475888221713162,20,t,20_t
sack_rate,MIA,0.2880816166276469,6,t,6_t
sack_rate,MIN,0.08883569705760859,5,w,5_w
sack_rate,NE,0.22811471141869094,5,t,5_t
sack_rate,NO,0.15154394049138223,19,s,19_s
sack_rate,NYG,0.09358547288010644,6,s,6_s
sack_rate,NYJ,0.10109933741915306,9,s,9_s
sack_rate,PHI,0.18994758673850645,12,t,12_t
sack_rate,PIT,0.1935903502023062,20,r,20_r
sack_rate,SEA,0.10079970384124753,8,s,8_s
sack_rate,SF,0.35522107408770354,20,m,20_m
sack_rate,TB,0.17197850550590832,8,s,8_s
sack_rate,TEN,0.20742658914800965,5,e,5_e
sack_rate,WAS,0.1510779581023902,20,m,20_m
sack_rate_allowed,ARI,0.2085379652784177,11,s,11_s
sack_rate_allowed,ATL,0.23732083040625795,5,w,5_w
sack_rate_allowed,BAL,0.09223074633688431,8,s,8_s
sack_rate_allowed,BUF,0.16820426050207493,20,s,20_s
sack_rate_allowed,CAR,0.15547453542254538,5,e,5_e
sack_rate_allowed,CHI,0.12694508484744746,20,t,20_t
sack_rate_allowed,CIN,0.12467981381738376,6,s,6_s
sack_rate_allowed,CLE,0.1978609180828434,18,t,18_t
sack_rate_allowed,DAL,0.08160307985283165,7,s,7_s
sack_rate_allowed,DEN,0.13650538501587903,18,t,18_t
sack_rate_allowed,DET,0.14182803488618634,5,w,5_w
sack_rate_allowed,GB,0.18814084455395952,10,t,10_t
sack_rate_allowed,HOU,0.06819567889461174,6,s,6_s
sack_rate_allowed,IND,0.19970862783198234,6,s,6_s
sack_rate_allowed,JAX,0.2911148755339999,10,t,10_t
sack_rate_allowed,KC,0.19936704379542747,9,s,9_s
sack_rate_allowed,LA,0.2318502947591815,14,t,14_t
sack_rate_allowed,LAC,0.2153950019168475,14,t,14_t
sack_rate_allowed,LV,0.2719761182447458,19,m,19_m
sack_rate_allowed,MIA,0.14272214611736653,7,s,7_s
sack_rate_allowed,MIN,0.2129528702102352,8,s,8_s
sack_rate_allowed,NE,0.14061630860328952,20,s,20_s
sack_rate_allowed,NO,0.07824697982925584,10,s,10_s
sack_rate_allowed,NYG,0.15232291461339406,20,t,20_t
sack_rate_allowed,NYJ,0.1745124938971594,5,w,5_w
sack_rate_allowed,PHI,0.22471668110540258,20,t,20_t
sack_rate_allowed,PIT,0.1044759826204597,20,m,20_m
sack_rate_allowed,SEA,0.11976735429840686,5,t,5_t
sack_rate_allowed,SF,0.3436449344681761,15,s,15_s
sack_rate_allowed,TB,0.09790075828276266,5,w,5_w
sack_rate_allowed,TEN,0.09216240337388137,5,w,5_w
sack_rate_allowed,WAS,0.2041678315956183,19,m,19_m
series_success_rate,ARI,0.3451957393302411,14,t,14_t
series_success_rate,ATL,0.27042055686133104,20,r,20_r
series_success_rate,BAL,0.12466030373976845,6,t,6_t
series_success_rate,BUF,0.34242152608931514,8,s,8_s
series_success_rate,CAR,0.08579967707079034,10,s,10_s
series_success_rate,CHI,0.0698294697288529,13,m,13_m
series_success_rate,CIN,0.2594138147792795,14,s,14_s
series_success_rate,CLE,0.1992721309046672,16,m,16_m
series_success_rate,DAL,0.14681342712309078,5,t,5_t
series_success_rate,DEN,0.21875756838866348,12,s,12_s
series_success_rate,DET,0.1628002275814334,5,w,5_w
series_success_rate,GB,0.2295702685029013,14,t,14_t
series_success_rate,HOU,0.1524857514027527,5,w,5_w
series_success_rate,IND,0.1510563964038312,6,s,6_s
series_success_rate,JAX,0.14988709448324722,20,t,20_t
series_success_rate,KC,0.1254538295875146,20,m,20_m
series_success_rate,LA,0.1836777048613414,5,s,5_s
series_success_rate,LAC,0.27369586098938026,6,s,6_s
series_success_rate,LV,0.2103977130932263,20,r,20_r
series_success_rate,MIA,0.23631785209740427,8,w,8_w
series_success_rate,MIN,0.20075626657323245,18,t,18_t
series_success_rate,NE,0.20886541325924096,12,t,12_t
series_success_rate,NO,0.19871034204349564,6,t,6_t
series_success_rate,NYG,0.08509654508036726,20,r,20_r
series_success_rate,NYJ,0.08270288000670786,9,s,9_s
series_success_rate,PHI,0.2539548458589047,8,t,8_t
series_success_rate,PIT,0.2110967922838461,20,m,20_m
series_success_rate,SEA,0.14935129508122094,5,e,5_e
series_success_rate,SF,0.38784136443616685,14,s,14_s
series_success_rate,TB,0.20086526680141947,11,s,11_s
series_success_rate,TEN,0.11577037710848272,7,s,7_s
series_success_rate,WAS,0.2264155402708314,7,s,7_s
series_success_rate_allowed,ARI,0.26449764547057203,20,r,20_r
series_success_rate_allowed,ATL,0.19600964563483175,5,m,5_m
series_success_rate_allowed,BAL,0.11255124196777276,10,s,10_s
series_success_rate_allowed,BUF,0.17877733177047106,20,r,20_r
series_success_rate_allowed,CAR,0.08226693244944899,5,s,5_s
series_success_rate_allowed,CHI,0.25671900854167073,10,t,10_t
series_success_rate_allowed,CIN,0.25549358632317914,15,e,15_e
series_success_rate_allowed,CLE,0.13159527824443498,20,m,20_m
series_success_rate_allowed,DAL,0.1507494075946972,9,s,9_s
series_success_rate_allowed,DEN,0.30148110702270065,16,e,16_e
series_success_rate_allowed,DET,0.1785374986890104,13,s,13_s
series_success_rate_allowed,GB,0.16795312352359118,12,t,12_t
series_success_rate_allowed,HOU,0.13481000582807218,20,r,20_r
series_success_rate_allowed,IND,0.3104771384421147,19,s,19_s
series_success_rate_allowed,JAX,0.34720842382439493,12,s,12_s
series_success_rate_allowed,KC,0.2583079621664437,5,t,5_t
series_success_rate_allowed,LA,0.23331710640700384,20,m,20_m
series_success_rate_allowed,LAC,0.07530512244800165,7,s,7_s
series_success_rate_allowed,LV,0.15596974351562273,20,r,20_r
series_success_rate_allowed,MIA,0.23141574716747224,5,t,5_t
series_success_rate_allowed,MIN,0.1432465375048611,20,m,20_m
series_success_rate_allowed,NE,0.25740593272609696,5,s,5_s
series_success_rate_allowed,NO,0.15339462130904882,9,s,9_s
series_success_rate_allowed,NYG,0.10326841660018689,20,m,20_m
series_success_rate_allowed,NYJ,0.10546153741730971,5,w,5_w
series_success_rate_allowed,PHI,0.11416867316787938,10,s,10_s
series_success_rate_allowed,PIT,0.19261227751053003,16,t,16_t
series_success_rate_allowed,SEA,0.09018365422668115,5,s,5_s
series_success_rate_allowed,SF,0.3611036306171423,20,r,20_r
series_success_rate_allowed,TB,0.18874906543994524,20,m,20_m
series_success_rate_allowed,TEN,0.06258444464806677,8,s,8_s
series_success_rate_allowed,WAS,0.24006296746141337,20,m,20_m
success_rate,ARI,0.32842168684509976,5,s,5_s
success_rate,ATL,0.364686813359438,15,s,15_s
success_rate,BAL,0.16998936632247197,6,t,6_t
success_rate,BUF,0.3737085018940239,8,s,8_s
success_rate,CAR,0.11626888593078041,20,m,20_m
success_rate,CHI,0.11035538926259342,20,t,20_t
success_rate,CIN,0.2496904468195332,19,s,19_s
success_rate,CLE,0.20628658981447912,14,r,14_r
success_rate,DAL,0.2547043162638661,14,m,14_m
success_rate,DEN,0.27624327304477014,12,s,12_s
success_rate,DET,0.1125714397786977,9,s,9_s
success_rate,GB,0.09928228519379348,14,t,14_t
success_rate,HOU,0.23248555293910828,5,w,5_w
success_rate,IND,0.12339101428040061,5,s,5_s
success_rate,JAX,0.16072397666774244,16,t,16_t
success_rate,KC,0.054646326741875494,20,s,20_s
success_rate,LA,0.24348446822098402,5,w,5_w
success_rate,LAC,0.13210954104800526,20,t,20_t
success_rate,LV,0.1520446074083335,20,r,20_r
success_rate,MIA,0.30145255609823096,8,s,8_s
success_rate,MIN,0.1478398742109752,5,t,5_t
success_rate,NE,0.039202279109582704,20,s,20_s
success_rate,NO,0.185617912340575,6,t,6_t
success_rate,NYG,0.10249882423666144,6,t,6_t
success_rate,NYJ,0.1493209132692204,20,t,20_t
success_rate,PHI,0.18485243343317448,14,t,14_t
success_rate,PIT,0.1925407313210924,20,m,20_m
success_rate,SEA,0.060301395963813835,5,w,5_w
success_rate,SF,0.33669898870158516,20,s,20_s
success_rate,TB,0.14317256876484002,12,s,12_s
success_rate,TEN,0.05481834218543828,8,s,8_s
success_rate,WAS,0.1978507156488129,15,m,15_m
success_rate_allowed,ARI,0.25430039644552643,20,m,20_m
success_rate_allowed,ATL,0.14177927084460604,20,m,20_m
success_rate_allowed,BAL,0.16259608587336424,12,s,12_s
success_rate_allowed,BUF,0.12439617238235373,20,m,20_m
success_rate_allowed,CAR,0.2211161096845931,6,t,6_t
success_rate_allowed,CHI,0.22115749939200435,10,t,10_t
success_rate_allowed,CIN,0.23532781830385183,6,t,6_t
success_rate_allowed,CLE,0.23386668162427438,8,t,8_t
success_rate_allowed,DAL,0.1043595638314278,5,w,5_w
success_rate_allowed,DEN,0.2807461747579022,5,s,5_s
success_rate_allowed,DET,0.11130117118091068,14,s,14_s
success_rate_allowed,GB,0.2636244070462132,9,s,9_s
success_rate_allowed,HOU,0.2176597505867491,20,r,20_r
success_rate_allowed,IND,0.13957652040141771,5,s,5_s
success_rate_allowed,JAX,0.35391917987349136,14,t,14_t
success_rate_allowed,KC,0.2796279028524525,5,t,5_t
success_rate_allowed,LA,0.1356474674453001,5,e,5_e
success_rate_allowed,LAC,0.16195483005201164,5,w,5_w
success_rate_allowed,LV,0.18260902281316269,20,t,20_t
success_rate_allowed,MIA,0.10990102163127793,5,w,5_w
success_rate_allowed,MIN,0.14943435721066708,16,r,16_r
success_rate_allowed,NE,0.14012257685586177,5,t,5_t
success_rate_allowed,NO,0.1979352785239757,9,s,9_s
success_rate_allowed,NYG,0.12234420402962308,6,s,6_s
success_rate_allowed,NYJ,0.16849791045120732,20,t,20_t
success_rate_allowed,PHI,0.10416205480385385,20,s,20_s
success_rate_allowed,PIT,0.17304024631619694,14,s,14_s
success_rate_allowed,SEA,0.049435327595430956,20,r,20_r
success_rate_allowed,SF,0.3463876217657157,20,m,20_m
success_rate_allowed,TB,0.1689208873459574,20,s,20_s
success_rate_allowed,TEN,0.04501232493239797,9,s,9_s
success_rate_allowed,WAS,0.20667745052619177,18,r,18_r
third_down_success,ARI,0.20371901313733087,17,s,17_s
third_down_success,ATL,0.3349291259359657,20,m,20_m
third_down_success,BAL,0.09313070065993512,6,t,6_t
third_down_success,BUF,0.18635355221651823,8,s,8_s
third_down_success,CAR,0.08605500634978619,20,r,20_r
third_down_success,CHI,0.23911982638561413,20,t,20_t
third_down_success,CIN,0.3174510699133274,14,s,14_s
third_down_success,CLE,0.15639961871184216,20,m,20_m
third_down_success,DAL,0.23463231865477413,5,t,5_t
third_down_success,DEN,0.21747337113216192,12,s,12_s
third_down_success,DET,0.1307102548372893,9,s,9_s
third_down_success,GB,0.21189104525251257,14,t,14_t
third_down_success,HOU,0.13672926030513435,5,w,5_w
third_down_success,IND,0.13810818624426424,6,s,6_s
third_down_success,JAX,0.16663199588812794,10,t,10_t
third_down_success,KC,0.1620178229124489,20,t,20_t
third_down_success,LA,0.14689449076866515,5,s,5_s
third_down_success,LAC,0.2816385080627326,14,t,14_t
third_down_success,LV,0.0802467682044542,20,r,20_r
third_down_success,MIA,0.32386605331272533,17,s,17_s
third_down_success,MIN,0.2156391233418908,16,s,16_s
third_down_success,NE,0.18644340746957744,20,t,20_t
third_down_success,NO,0.18445394817106903,6,t,6_t
third_down_success,NYG,0.106726947097315,5,t,5_t
third_down_success,NYJ,0.15330062546016227,10,s,10_s
third_down_success,PHI,0.20784077087087766,8,t,8_t
third_down_success,PIT,0.20869021779918326,6,t,6_t
third_down_success,SEA,0.15972125244282578,5,e,5_e
third_down_success,SF,0.392654785068624,14,s,14_s
third_down_success,TB,0.2444787350379387,20,r,20_r
third_down_success,TEN,0.08153337440676442,5,w,5_w
third_down_success,WAS,0.0900267219941848,20,r,20_r
third_down_success_allowed,ARI,0.33114797403184076,20,t,20_t
third_down_success_allowed,ATL,0.31874644034228317,20,r,20_r
third_down_success_allowed,BAL,0.2689904761004652,12,e,12_e
third_down_success_allowed,BUF,0.11137022145963947,16,t,16_t
third_down_success_allowed,CAR,0.07680680558514398,12,s,12_s
third_down_success_allowed,CHI,0.23741687233157657,10,t,10_t
third_down_success_allowed,CIN,0.3337480390201114,17,s,17_s
third_down_success_allowed,CLE,0.20665328699251212,20,m,20_m
third_down_success_allowed,DAL,0.09812847738681021,18,r,18_r
third_down_success_allowed,DEN,0.296681162342625,6,m,6_m
third_down_success_allowed,DET,0.09743636765091611,20,r,20_r
third_down_success_allowed,GB,0.0909862181991157,18,s,18_s
third_down_success_allowed,HOU,0.15481203078223954,20,r,20_r
third_down_success_allowed,IND,0.17823529991875492,19,s,19_s
third_down_success_allowed,JAX,0.27131975478758186,10,t,10_t
third_down_success_allowed,KC,0.1986674469675975,10,r,10_r
third_down_success_allowed,LA,0.21518703005044343,6,w,6_w
third_down_success_allowed,LAC,0.1557940223323467,7,s,7_s
third_down_success_allowed,LV,0.17162580132311103,20,s,20_s
third_down_success_allowed,MIA,0.17517640450874464,5,t,5_t
third_down_success_allowed,MIN,0.1513504871741058,10,r,10_r
third_down_success_allowed,NE,0.15976714728723448,20,r,20_r
third_down_success_allowed,NO,0.3252384883444747,16,t,16_t
third_down_success_allowed,NYG,0.1444869079154415,5,e,5_e
third_down_success_allowed,NYJ,0.25727493952665026,18,s,18_s
third_down_success_allowed,PHI,0.11196775200933944,5,e,5_e
third_down_success_allowed,PIT,0.16280769918839894,14,t,14_t
third_down_success_allowed,SEA,0.03938004815452205,20,m,20_m
third_down_success_allowed,SF,0.34242925677244673,20,m,20_m
third_down_success_allowed,TB,0.13453745091203834,20,m,20_m
third_down_success_allowed,TEN,0.08010820380727425,5,t,5_t
third_down_success_allowed,WAS,0.1849736732890392,20,r,20_r
unsuccesful_short_runs,ARI,0.19740875076024467,7,w,7_w
unsuccesful_short_runs,ATL,0.21176008341861213,5,w,5_w
unsuccesful_short_runs,BAL,0.22929113032787182,5,w,5_w
unsuccesful_short_runs,BUF,0.3862286490425673,20,w,20_w
unsuccesful_short_runs,CAR,0.1570533749942099,8,s,8_s
unsuccesful_short_runs,CHI,0.18525124453888658,9,w,9_w
unsuccesful_short_runs,CIN,0.16423553416030215,5,e,5_e
unsuccesful_short_runs,CLE,0.11015681746758851,12,s,12_s
unsuccesful_short_runs,DAL,0.20776961640030986,5,t,5_t
unsuccesful_short_runs,DEN,0.14711932190751678,10,t,10_t
unsuccesful_short_runs,DET,0.10573512069490108,17,s,17_s
unsuccesful_short_runs,GB,0.13373341783011528,5,e,5_e
unsuccesful_short_runs,HOU,0.12320986025077606,5,w,5_w
unsuccesful_short_runs,IND,0.2640958192412956,5,w,5_w
unsuccesful_short_runs,JAX,0.2199964605429501,11,s,11_s
unsuccesful_short_runs,KC,0.11689049608586233,5,w,5_w
unsuccesful_short_runs,LA,0.30908023493293524,11,s,11_s
unsuccesful_short_runs,LAC,0.07616535600861071,5,e,5_e
unsuccesful_short_runs,LV,0.09454711353398693,12,t,12_t
unsuccesful_short_runs,MIA,0.17848898217209488,5,s,5_s
unsuccesful_short_runs,MIN,0.22855399017114789,18,t,18_t
unsuccesful_short_runs,NE,0.18369699038596413,6,t,6_t
unsuccesful_short_runs,NO,0.11729796764369606,5,w,5_w
unsuccesful_short_runs,NYG,0.14568263012906874,6,s,6_s
unsuccesful_short_runs,NYJ,0.12706331362331744,5,e,5_e
unsuccesful_short_runs,PHI,0.18058289309180073,11,s,11_s
unsuccesful_short_runs,PIT,0.12756846675502903,20,m,20_m
unsuccesful_short_runs,SEA,0.16919956956689888,5,w,5_w
unsuccesful_short_runs,SF,0.4281723063306142,20,m,20_m
unsuccesful_short_runs,TB,0.21862849913112326,10,s,10_s
unsuccesful_short_runs,TEN,0.08303957261927147,9,s,9_s
unsuccesful_short_runs,WAS,0.22253324355643667,20,r,20_r
unsuccesful_short_runs_allowed,ARI,0.17858340364995043,14,t,14_t
unsuccesful_short_runs_allowed,ATL,0.28614544287570765,20,r,20_r
unsuccesful_short_runs_allowed,BAL,0.16502066738007562,20,t,20_t
unsuccesful_short_runs_allowed,BUF,0.22023533154562092,20,s,20_s
unsuccesful_short_runs_allowed,CAR,0.08155739550006513,5,w,5_w
unsuccesful_short_runs_allowed,CHI,0.21077548603243715,15,s,15_s
unsuccesful_short_runs_allowed,CIN,0.10131801054161164,11,s,11_s
unsuccesful_short_runs_allowed,CLE,0.24655525017209723,8,s,8_s
unsuccesful_short_runs_allowed,DAL,0.10261344971164614,5,t,5_t
unsuccesful_short_runs_allowed,DEN,0.07360884991365738,20,s,20_s
unsuccesful_short_runs_allowed,DET,0.21641501173692146,6,t,6_t
unsuccesful_short_runs_allowed,GB,0.19748706751856326,12,w,12_w
unsuccesful_short_runs_allowed,HOU,0.14191998433120914,20,r,20_r
unsuccesful_short_runs_allowed,IND,0.27490334245081993,20,t,20_t
unsuccesful_short_runs_allowed,JAX,0.29260679562017305,18,s,18_s
unsuccesful_short_runs_allowed,KC,0.18153495317539212,20,m,20_m
unsuccesful_short_runs_allowed,LA,0.17115396675103975,6,s,6_s
unsuccesful_short_runs_allowed,LAC,0.07909023700974312,5,t,5_t
unsuccesful_short_runs_allowed,LV,0.12319204537894742,5,e,5_e
unsuccesful_short_runs_allowed,MIA,0.324296597026165,10,s,10_s
unsuccesful_short_runs_allowed,MIN,0.1731330528287987,8,t,8_t
unsuccesful_short_runs_allowed,NE,0.26670888205912435,20,t,20_t
unsuccesful_short_runs_allowed,NO,0.14860887541035195,14,t,14_t
unsuccesful_short_runs_allowed,NYG,0.07967697685639193,10,t,10_t
unsuccesful_short_runs_allowed,NYJ,0.22398210163123963,17,s,17_s
unsuccesful_short_runs_allowed,PHI,0.27437042353515745,6,t,6_t
unsuccesful_short_runs_allowed,PIT,0.17804314317565625,10,t,10_t
unsuccesful_short_runs_allowed,SEA,0.2471396945824715,5,e,5_e
unsuccesful_short_runs_allowed,SF,0.2874301182946743,20,r,20_r
unsuccesful_short_runs_allowed,TB,0.308154326111835,10,s,10_s
unsuccesful_short_runs_allowed,TEN,0.09146048880469766,5,t,5_t
unsuccesful_short_runs_allowed,WAS,0.22112463491552062,8,s,8_s
x_drive_yards,ARI,0.14149868751444217,10,t,10_t
x_drive_yards,ATL,0.32252042905279277,20,m,20_m
x_drive_yards,BAL,0.13417626568293317,18,t,18_t
x_drive_yards,BUF,0.2936578710606866,20,r,20_r
x_drive_yards,CAR,0.09877089193222548,10,t,10_t
x_drive_yards,CHI,0.11482870288732257,7,s,7_s
x_drive_yards,CIN,0.10301838679159522,19,s,19_s
x_drive_yards,CLE,0.250154070932413,18,t,18_t
x_drive_yards,DAL,0.2287048223087323,17,m,17_m
x_drive_yards,DEN,0.08721413133734039,20,s,20_s
x_drive_yards,DET,0.18593855489551706,5,t,5_t
x_drive_yards,GB,0.11525475725008624,8,s,8_s
x_drive_yards,HOU,0.14187711655264817,10,t,10_t
x_drive_yards,IND,0.10564310464940321,17,s,17_s
x_drive_yards,JAX,0.22172742742361784,20,r,20_r
x_drive_yards,KC,0.1752244084134343,20,r,20_r
x_drive_yards,LA,0.16450625148153272,20,r,20_r
x_drive_yards,LAC,0.10164802037069448,5,s,5_s
x_drive_yards,LV,0.18267769441387988,16,t,16_t
x_drive_yards,MIA,0.20374593098782692,18,t,18_t
x_drive_yards,MIN,0.13254074116894457,5,t,5_t
x_drive_yards,NE,0.22498423795140876,20,s,20_s
x_drive_yards,NO,0.16348562145326392,5,t,5_t
x_drive_yards,NYG,0.13240895979492368,20,t,20_t
x_drive_yards,NYJ,0.19788882336064792,5,e,5_e
x_drive_yards,PHI,0.15943086374951915,20,w,20_w
x_drive_yards,PIT,0.09864102681770108,20,m,20_m
x_drive_yards,SEA,0.3237098212045462,5,t,5_t
x_drive_yards,SF,0.2938570256059403,20,r,20_r
x_drive_yards,TB,0.2007776281262827,17,s,17_s
x_drive_yards,TEN,0.12653733269303968,5,t,5_t
x_drive_yards,WAS,0.06425439431128063,7,s,7_s
x_drive_yards_allowed,ARI,0.34099370282379027,19,s,19_s
x_drive_yards_allowed,ATL,0.2927222964899612,20,r,20_r
x_drive_yards_allowed,BAL,0.117453150678036,20,r,20_r
x_drive_yards_allowed,BUF,0.1867559885326208,8,s,8_s
x_drive_yards_allowed,CAR,0.21441810164413078,5,t,5_t
x_drive_yards_allowed,CHI,0.1248429545256446,16,t,16_t
x_drive_yards_allowed,CIN,0.1940326813642752,6,w,6_w
x_drive_yards_allowed,CLE,0.26681261293357467,6,s,6_s
x_drive_yards_allowed,DAL,0.25841337727741714,7,e,7_e
x_drive_yards_allowed,DEN,0.17450015869133334,10,t,10_t
x_drive_yards_allowed,DET,0.2595558048041865,5,w,5_w
x_drive_yards_allowed,GB,0.10673585674328658,20,r,20_r
x_drive_yards_allowed,HOU,0.14933472200963163,8,s,8_s
x_drive_yards_allowed,IND,0.12609304301149782,20,r,20_r
x_drive_yards_allowed,JAX,0.1043107627704597,20,s,20_s
x_drive_yards_allowed,KC,0.14193817843953974,20,m,20_m
x_drive_yards_allowed,LA,0.12063846752708765,20,t,20_t
x_drive_yards_allowed,LAC,0.20667631764711705,16,s,16_s
x_drive_yards_allowed,LV,0.17577275432798614,13,m,13_m
x_drive_yards_allowed,MIA,0.10195149727258306,20,s,20_s
x_drive_yards_allowed,MIN,0.0900871796118521,5,s,5_s
x_drive_yards_allowed,NE,0.12988461590430284,6,t,6_t
x_drive_yards_allowed,NO,0.12190299771464598,10,t,10_t
x_drive_yards_allowed,NYG,0.15878849091761713,16,t,16_t
x_drive_yards_allowed,NYJ,0.1400980372651341,6,w,6_w
x_drive_yards_allowed,PHI,0.17047330556067875,6,t,6_t
x_drive_yards_allowed,PIT,0.08005532259563665,20,r,20_r
x_drive_yards_allowed,SEA,0.1597479123505039,5,e,5_e
x_drive_yards_allowed,SF,0.37785749755669745,11,s,11_s
x_drive_yards_allowed,TB,0.07937702897853942,8,t,8_t
x_drive_yards_allowed,TEN,0.1425086196692816,5,t,5_t
x_drive_yards_allowed,WAS,0.16733978499606844,5,t,5_t
yards_gained_oe,ARI,0.33293784743721955,15,s,15_s
yards_gained_oe,ATL,0.36618141644777646,10,t,10_t
yards_gained_oe,BAL,0.1846411865578285,5,t,5_t
yards_gained_oe,BUF,0.34635946458701994,8,s,8_s
yards_gained_oe,CAR,0.10828845896104257,14,t,14_t
yards_gained_oe,CHI,0.09182715152093042,13,s,13_s
yards_gained_oe,CIN,0.22259769315500824,20,t,20_t
yards_gained_oe,CLE,0.21184071116118544,18,m,18_m
yards_gained_oe,DAL,0.2473190466437153,20,m,20_m
yards_gained_oe,DEN,0.20659656347088695,12,s,12_s
yards_gained_oe,DET,0.1714285183214013,5,t,5_t
yards_gained_oe,GB,0.24248085604458497,14,t,14_t
yards_gained_oe,HOU,0.13868746226055728,5,w,5_w
yards_gained_oe,IND,0.14967164938971275,5,w,5_w
yards_gained_oe,JAX,0.15752334203402002,20,m,20_m
yards_gained_oe,KC,0.11300432212961407,20,t,20_t
yards_gained_oe,LA,0.21785363707431626,5,s,5_s
yards_gained_oe,LAC,0.20544136270798946,20,t,20_t
yards_gained_oe,LV,0.18788176615273688,20,m,20_m
yards_gained_oe,MIA,0.34020013749730527,8,s,8_s
yards_gained_oe,MIN,0.1529391360180698,5,t,5_t
yards_gained_oe,NE,0.17944512415579877,20,r,20_r
yards_gained_oe,NO,0.17286048719656946,6,s,6_s
yards_gained_oe,NYG,0.1098630758380788,5,t,5_t
yards_gained_oe,NYJ,0.11630707370300486,20,t,20_t
yards_gained_oe,PHI,0.3167508412719964,10,t,10_t
yards_gained_oe,PIT,0.21700962093624046,20,m,20_m
yards_gained_oe,SEA,0.10912540759058417,20,s,20_s
yards_gained_oe,SF,0.34103266432379914,20,s,20_s
yards_gained_oe,TB,0.23406061608753678,20,m,20_m
yards_gained_oe,TEN,0.08588555313668904,5,t,5_t
yards_gained_oe,WAS,0.21434626882349994,8,t,8_t
yards_gained_oe_allowed,ARI,0.3596240269346213,18,m,18_m
yards_gained_oe_allowed,ATL,0.13802682285918363,20,m,20_m
yards_gained_oe_allowed,BAL,0.11851013553145139,10,s,10_s
yards_gained_oe_allowed,BUF,0.13662170447322194,20,m,20_m
yards_gained_oe_allowed,CAR,0.1340636425433427,13,s,13_s
yards_gained_oe_allowed,CHI,0.22367768235750088,12,s,12_s
yards_gained_oe_allowed,CIN,0.2958572486781186,5,s,5_s
yards_gained_oe_allowed,CLE,0.14638625110277698,7,s,7_s
yards_gained_oe_allowed,DAL,0.15517044785684855,8,t,8_t
yards_gained_oe_allowed,DEN,0.26556548082571696,15,e,15_e
yards_gained_oe_allowed,DET,0.15459586778024934,11,s,11_s
yards_gained_oe_allowed,GB,0.13448971053347689,9,s,9_s
yards_gained_oe_allowed,HOU,0.16674426219471894,20,m,20_m
yards_gained_oe_allowed,IND,0.23155321648525617,19,s,19_s
yards_gained_oe_allowed,JAX,0.33914082221746134,12,s,12_s
yards_gained_oe_allowed,KC,0.1944004463795886,20,t,20_t
yards_gained_oe_allowed,LA,0.21224524915117784,5,s,5_s
yards_gained_oe_allowed,LAC,0.10768909752519583,20,t,20_t
yards_gained_oe_allowed,LV,0.22768994969444772,20,t,20_t
yards_gained_oe_allowed,MIA,0.16720210681826367,5,w,5_w
yards_gained_oe_allowed,MIN,0.17172425851515116,9,s,9_s
yards_gained_oe_allowed,NE,0.1768282633847135,5,t,5_t
yards_gained_oe_allowed,NO,0.19303148381676166,9,s,9_s
yards_gained_oe_allowed,NYG,0.09537362683106226,5,t,5_t
yards_gained_oe_allowed,NYJ,0.1714370969838498,20,t,20_t
yards_gained_oe_allowed,PHI,0.14267301760238635,10,s,10_s
yards_gained_oe_allowed,PIT,0.11789854167357963,14,t,14_t
yards_gained_oe_allowed,SEA,0.0451659332175154,12,s,12_s
yards_gained_oe_allowed,SF,0.3530320956280178,20,m,20_m
yards_gained_oe_allowed,TB,0.1602949258719284,5,s,5_s
yards_gained_oe_allowed,TEN,0.05859716237680554,5,t,5_t
yards_gained_oe_allowed,WAS,0.18435619437760345,20,r,20_r
